mean_fit_time,std_fit_time,mean_score_time,std_score_time,param_DT__class_weight,param_DT__criterion,param_DT__max_depth,params,split0_test_score,split1_test_score,split2_test_score,split3_test_score,split4_test_score,mean_test_score,std_test_score,rank_test_score,split0_train_score,split1_train_score,split2_train_score,split3_train_score,split4_train_score,mean_train_score,std_train_score
0.17963819503784179,0.011433545158687736,0.009355974197387696,0.0008954321893344619,balanced,gini,1,"{'DT__class_weight': 'balanced', 'DT__criterion': 'gini', 'DT__max_depth': 1}",0.48255234297108673,0.5086249383932973,0.47944526993561165,0.47604639435199186,0.47433981066268055,0.48420175126293363,0.012534787199493264,197,0.5075290051839052,0.5229906086108062,0.5407745970651913,0.5278149726110773,0.5259819468162966,0.5250182260574554,0.010648923472289745
0.19446392059326173,0.010100579902638487,0.005999994277954101,0.0010656251833432598,balanced,gini,2,"{'DT__class_weight': 'balanced', 'DT__criterion': 'gini', 'DT__max_depth': 2}",0.7004909983633387,0.7475728155339806,0.7404489956675857,0.7362549800796813,0.7645906776341559,0.7378716934557484,0.021045609991282983,193,0.7467310400321867,0.7601593625498007,0.780468976165203,0.7737397420867527,0.7730230723723132,0.7668244386412513,0.012004880616527049
0.2589583873748779,0.0016798130063515136,0.004591464996337891,0.0007509617708348701,balanced,gini,3,"{'DT__class_weight': 'balanced', 'DT__criterion': 'gini', 'DT__max_depth': 3}",0.7687048993543487,0.7978601452044326,0.8008898776418243,0.7362549800796813,0.7645906776341559,0.7736601159828885,0.023803589687526792,190,0.8119738072965388,0.8187200451085425,0.834750800182899,0.7737397420867527,0.7730230723723132,0.8024414934094091,0.024855508777536884
0.3078761577606201,0.007829748168648018,0.004265975952148437,0.0009538268491833162,balanced,gini,4,"{'DT__class_weight': 'balanced', 'DT__criterion': 'gini', 'DT__max_depth': 4}",0.8292859731786879,0.8322147651006712,0.8183206106870229,0.8421052631578949,0.736359850062474,0.8116572924373502,0.03840459250213854,184,0.8564195298372512,0.8609114891294459,0.8624176639762501,0.8792127492815466,0.7627639942587656,0.8443450852966519,0.04151646529689371
0.36829028129577634,0.0018152112568077194,0.004777383804321289,0.0014632003740612466,balanced,gini,5,"{'DT__class_weight': 'balanced', 'DT__criterion': 'gini', 'DT__max_depth': 5}",0.838543582199338,0.8589226823012092,0.8384673178061608,0.8528660094925155,0.7461824184894758,0.8269964020577398,0.04119306537881221,182,0.8778378378378379,0.8879333512496641,0.8808479532163742,0.8938148015731141,0.7743245988218566,0.8629517085397694,0.04466150463212005
0.4228187561035156,0.007918902173940279,0.004262590408325195,0.0009627688285007851,balanced,gini,6,"{'DT__class_weight': 'balanced', 'DT__criterion': 'gini', 'DT__max_depth': 6}",0.8553823849220731,0.8795660036166365,0.8293605751040484,0.8495575221238938,0.8338368580060422,0.8495406687545388,0.017829708450596442,172,0.9057926562089212,0.9052986598029644,0.8841797588600657,0.8957695769576958,0.8820399926618969,0.8946161288983088,0.010074112307210215
0.4773403644561768,0.0073075682397904995,0.0044782161712646484,0.0012572693382393147,balanced,gini,7,"{'DT__class_weight': 'balanced', 'DT__criterion': 'gini', 'DT__max_depth': 7}",0.85,0.8782260996001454,0.8591601635079896,0.8520888219796764,0.853882959146117,0.8586716088467857,0.010237947481457094,169,0.9128747795414461,0.9112488928255092,0.9190301512033641,0.8988187894881421,0.9217176179537022,0.9127380462024328,0.00795242447865137
0.5320070743560791,0.011452967913527692,0.005854034423828125,0.00077909887021208,balanced,gini,8,"{'DT__class_weight': 'balanced', 'DT__criterion': 'gini', 'DT__max_depth': 8}",0.864,0.8778709442216551,0.8711701734957549,0.8615840118430792,0.8584070796460176,0.8666064418413013,0.007028008865381911,162,0.9233753637245392,0.9133297739811354,0.9298853639029594,0.9249131557851606,0.9403545541874072,0.9263716423162404,0.008821148018443364
0.6117852210998536,0.009075055892899447,0.006517362594604492,0.0008132125422169911,balanced,gini,9,"{'DT__class_weight': 'balanced', 'DT__criterion': 'gini', 'DT__max_depth': 9}",0.8636859323882226,0.8775510204081634,0.8781204111600587,0.8666175386882828,0.8625730994152047,0.8697096004119863,0.00676763878523531,122,0.9285839620986138,0.9323730897593537,0.9343479030260131,0.9284195605953225,0.9338684348281278,0.9315185900614862,0.002548449604164536
0.6547944068908691,0.018115759171936648,0.005549764633178711,0.0005536970293580639,balanced,gini,10,"{'DT__class_weight': 'balanced', 'DT__criterion': 'gini', 'DT__max_depth': 10}",0.8703170028818444,0.883737776168055,0.8774761555392517,0.8608534322820037,0.8549394050679399,0.869464754387819,0.010523959976344028,123,0.9405246299021729,0.932562620423892,0.9335930582610235,0.9371912491178546,0.93583587952859,0.9359414874467067,0.00281105368259552
0.6910914421081543,0.021121823170078362,0.006512928009033203,0.0003802717411696853,balanced,gini,11,"{'DT__class_weight': 'balanced', 'DT__criterion': 'gini', 'DT__max_depth': 11}",0.864081188836535,0.883417813178856,0.8762322015334063,0.867576540022132,0.8403860430586488,0.8663387573259157,0.014627005752649991,163,0.940931924476009,0.9331696193650237,0.9418767507002802,0.9459577822545328,0.9445649345016048,0.9413002022594901,0.0044480544703745985
0.7247275829315185,0.017777156890459608,0.005747032165527344,0.0009009976006164442,balanced,gini,12,"{'DT__class_weight': 'balanced', 'DT__criterion': 'gini', 'DT__max_depth': 12}",0.8696904247660188,0.8869628024557603,0.8797953964194374,0.870648589226823,0.8572477064220183,0.8728689838580115,0.010056526364397392,118,0.9452727742825132,0.9350104821802935,0.9430351970508207,0.944138473642801,0.9399913156752063,0.941489648566327,0.003686234748321615
0.7813920497894287,0.017521285253534396,0.005456352233886718,0.0011163519503761474,balanced,gini,13,"{'DT__class_weight': 'balanced', 'DT__criterion': 'gini', 'DT__max_depth': 13}",0.87100251527129,0.887927927927928,0.880466472303207,0.8879310344827586,0.85986793837124,0.8774391776712848,0.010765096631968627,112,0.9470876709971608,0.9371887830872718,0.948916543381777,0.9510101448018728,0.9388855081283143,0.9446177300792794,0.00554059548854398
0.8079603672027588,0.01829785097984944,0.0064733028411865234,0.0013069994907535939,balanced,gini,14,"{'DT__class_weight': 'balanced', 'DT__criterion': 'gini', 'DT__max_depth': 14}",0.8703770197486536,0.8817984046410442,0.8788321167883212,0.8895265423242469,0.8528218369605312,0.8746711840925594,0.012526979838297111,117,0.9467251914966864,0.9357011635027557,0.9481481481481481,0.9586236559139785,0.9385941991115757,0.9455584716346289,0.00805523823752722
0.8415777683258057,0.017848848850949194,0.005544900894165039,0.0008406161301742794,balanced,gini,15,"{'DT__class_weight': 'balanced', 'DT__criterion': 'gini', 'DT__max_depth': 15}",0.8684399712437095,0.8817984046410442,0.8801457194899819,0.8879310344827586,0.8630584816563749,0.8762747223027738,0.009136932093605488,114,0.9467251914966864,0.9353286076835565,0.9495776365061396,0.9510101448018728,0.9543042957384904,0.9473891752453492,0.006505656599989993
0.8784172058105468,0.018069050733422746,0.0056438446044921875,0.001244271630196778,balanced,gini,16,"{'DT__class_weight': 'balanced', 'DT__criterion': 'gini', 'DT__max_depth': 16}",0.8707482993197279,0.883737776168055,0.8846990572878898,0.8879310344827586,0.865021770682148,0.8784275875881159,0.00890541782348619,108,0.9493736056289686,0.9324549846288976,0.9526950785522089,0.9524139124415989,0.9569965870307168,0.9487868336564782,0.008519433351481583
0.9157341957092285,0.013604684240143924,0.006084442138671875,0.000965544534458349,balanced,gini,17,"{'DT__class_weight': 'balanced', 'DT__criterion': 'gini', 'DT__max_depth': 17}",0.871315600287563,0.8821182444686253,0.8879216539717084,0.8911174785100288,0.8647080159593762,0.8794361986394603,0.009985109955234677,105,0.9459994832486435,0.9351195166798004,0.9520500347463517,0.9566939302625914,0.9551320399965815,0.9489990009867938,0.007845662525837073
0.9399019718170166,0.018319678770379762,0.004802703857421875,0.00038377221938203554,balanced,gini,18,"{'DT__class_weight': 'balanced', 'DT__criterion': 'gini', 'DT__max_depth': 18}",0.8700646087580761,0.8817984046410442,0.8827385287691187,0.8911174785100288,0.8646288209606986,0.8780695683277933,0.009494044864821674,110,0.9474499010922852,0.9317862165963431,0.9531087183049671,0.9578240661043209,0.9553769875192342,0.94910917792343,0.009317394755406211
0.962418508529663,0.01621079176419312,0.005794382095336914,0.0007686699974451644,balanced,gini,19,"{'DT__class_weight': 'balanced', 'DT__criterion': 'gini', 'DT__max_depth': 19}",0.8700646087580761,0.8898488120950324,0.8785114921561473,0.8911174785100288,0.8643142961076755,0.878771337525392,0.010583178464437338,107,0.9463624623331899,0.9313097640143873,0.9498607242339833,0.9578240661043209,0.9552136752136752,0.9481141383799112,0.009307975597327402
1.0056663036346436,0.023623944442629188,0.004960250854492187,0.0005957073086084551,balanced,gini,20,"{'DT__class_weight': 'balanced', 'DT__criterion': 'gini', 'DT__max_depth': 20}",0.87100251527129,0.8801742919389978,0.8837209302325583,0.8831168831168832,0.8623452294246177,0.8760719699968694,0.008235158976305931,116,0.9470876709971608,0.9320797820929619,0.951388888888889,0.9510926118626432,0.9517442358789749,0.946678637944126,0.007491646178979331
1.0102556228637696,0.05280154993864661,0.005562782287597656,0.0003843940169271848,balanced,gini,21,"{'DT__class_weight': 'balanced', 'DT__criterion': 'gini', 'DT__max_depth': 21}",0.8700646087580761,0.8830980817951501,0.8856624319419237,0.8879310344827586,0.8623452294246177,0.8778202772805053,0.0099117054214009,111,0.9472506668961365,0.934582713022156,0.951306310216127,0.9517372844640846,0.9517442358789749,0.9473242420954957,0.006591208249585579
1.035457181930542,0.09981040715596737,0.004573440551757813,0.0007751490216748695,balanced,gini,22,"{'DT__class_weight': 'balanced', 'DT__criterion': 'gini', 'DT__max_depth': 22}",0.8694404591104735,0.8898488120950324,0.8856624319419237,0.8847262247838618,0.8623452294246177,0.8784046314711818,0.010600643943091518,109,0.9482906717058924,0.9352191374192422,0.951306310216127,0.9510926118626432,0.9517442358789749,0.9475305934165759,0.00627452728644384
1.0416825771331788,0.07606305385768561,0.004815673828125,0.0008472930802034934,balanced,gini,23,"{'DT__class_weight': 'balanced', 'DT__criterion': 'gini', 'DT__max_depth': 23}",0.8700646087580761,0.8898488120950324,0.8856624319419237,0.8911174785100288,0.8623452294246177,0.8798077121459357,0.01151415314911615,78,0.9463624623331899,0.9352191374192422,0.951306310216127,0.9574120278757636,0.9517442358789749,0.9484088347446595,0.007466371367311601
1.062739658355713,0.1096924158200139,0.005271148681640625,0.0013122175784266068,balanced,gini,24,"{'DT__class_weight': 'balanced', 'DT__criterion': 'gini', 'DT__max_depth': 24}",0.8717399071096819,0.8898488120950324,0.8856624319419237,0.8911174785100288,0.8623452294246177,0.8801427718162569,0.011247032526578821,76,0.9497340881797905,0.9352191374192422,0.951306310216127,0.9574120278757636,0.9517442358789749,0.9490831599139795,0.007403088428812151
1.0259809494018555,0.0970650420427116,0.004380083084106446,0.0008391110726634769,balanced,gini,25,"{'DT__class_weight': 'balanced', 'DT__criterion': 'gini', 'DT__max_depth': 25}",0.8684399712437095,0.8898488120950324,0.8856624319419237,0.8911174785100288,0.8623452294246177,0.8794827846430624,0.011803797642195621,79,0.9474499010922852,0.9352191374192422,0.951306310216127,0.9574120278757636,0.9517442358789749,0.9486263224964786,0.007419284548598036
1.0360686302185058,0.09633419885388637,0.004546117782592773,0.00024610620371470944,balanced,gini,26,"{'DT__class_weight': 'balanced', 'DT__criterion': 'gini', 'DT__max_depth': 26}",0.8684399712437095,0.8898488120950324,0.8856624319419237,0.8911174785100288,0.8623452294246177,0.8794827846430624,0.011803797642195621,79,0.9474499010922852,0.9352191374192422,0.951306310216127,0.9574120278757636,0.9517442358789749,0.9486263224964786,0.007419284548598036
1.0397940158843995,0.09560492866236062,0.004377317428588867,0.00032417841445736394,balanced,gini,27,"{'DT__class_weight': 'balanced', 'DT__criterion': 'gini', 'DT__max_depth': 27}",0.8684399712437095,0.8898488120950324,0.8856624319419237,0.8911174785100288,0.8623452294246177,0.8794827846430624,0.011803797642195621,79,0.9474499010922852,0.9352191374192422,0.951306310216127,0.9574120278757636,0.9517442358789749,0.9486263224964786,0.007419284548598036
1.0458478450775146,0.10270341692276469,0.005178499221801758,0.0006997325655199787,balanced,gini,28,"{'DT__class_weight': 'balanced', 'DT__criterion': 'gini', 'DT__max_depth': 28}",0.8684399712437095,0.8898488120950324,0.8856624319419237,0.8911174785100288,0.8623452294246177,0.8794827846430624,0.011803797642195621,79,0.9474499010922852,0.9352191374192422,0.951306310216127,0.9574120278757636,0.9517442358789749,0.9486263224964786,0.007419284548598036
1.0354912281036377,0.1052466425270314,0.0048138141632080075,0.0006144739351773532,balanced,gini,29,"{'DT__class_weight': 'balanced', 'DT__criterion': 'gini', 'DT__max_depth': 29}",0.8684399712437095,0.8898488120950324,0.8856624319419237,0.8911174785100288,0.8623452294246177,0.8794827846430624,0.011803797642195621,79,0.9474499010922852,0.9352191374192422,0.951306310216127,0.9574120278757636,0.9517442358789749,0.9486263224964786,0.007419284548598036
1.0600228309631348,0.09488868035441794,0.0053100109100341795,0.0005024609961307544,balanced,gini,30,"{'DT__class_weight': 'balanced', 'DT__criterion': 'gini', 'DT__max_depth': 30}",0.8684399712437095,0.8898488120950324,0.8856624319419237,0.8911174785100288,0.8623452294246177,0.8794827846430624,0.011803797642195621,79,0.9474499010922852,0.9352191374192422,0.951306310216127,0.9574120278757636,0.9517442358789749,0.9486263224964786,0.007419284548598036
1.0487435340881348,0.10061444795150916,0.004683971405029297,0.0005334997456493319,balanced,gini,31,"{'DT__class_weight': 'balanced', 'DT__criterion': 'gini', 'DT__max_depth': 31}",0.8684399712437095,0.8898488120950324,0.8856624319419237,0.8911174785100288,0.8623452294246177,0.8794827846430624,0.011803797642195621,79,0.9474499010922852,0.9352191374192422,0.951306310216127,0.9574120278757636,0.9517442358789749,0.9486263224964786,0.007419284548598036
1.0312094211578369,0.09812335176938575,0.004487133026123047,0.0005941458842531488,balanced,gini,32,"{'DT__class_weight': 'balanced', 'DT__criterion': 'gini', 'DT__max_depth': 32}",0.8684399712437095,0.8898488120950324,0.8856624319419237,0.8911174785100288,0.8623452294246177,0.8794827846430624,0.011803797642195621,79,0.9474499010922852,0.9352191374192422,0.951306310216127,0.9574120278757636,0.9517442358789749,0.9486263224964786,0.007419284548598036
1.0353042602539062,0.09598890377323657,0.004797744750976563,0.0005896830078673762,balanced,gini,33,"{'DT__class_weight': 'balanced', 'DT__criterion': 'gini', 'DT__max_depth': 33}",0.8684399712437095,0.8898488120950324,0.8856624319419237,0.8911174785100288,0.8623452294246177,0.8794827846430624,0.011803797642195621,79,0.9474499010922852,0.9352191374192422,0.951306310216127,0.9574120278757636,0.9517442358789749,0.9486263224964786,0.007419284548598036
1.0354167461395263,0.09690318259413574,0.004555320739746094,0.00032451932544041203,balanced,gini,34,"{'DT__class_weight': 'balanced', 'DT__criterion': 'gini', 'DT__max_depth': 34}",0.8684399712437095,0.8898488120950324,0.8856624319419237,0.8911174785100288,0.8623452294246177,0.8794827846430624,0.011803797642195621,79,0.9474499010922852,0.9352191374192422,0.951306310216127,0.9574120278757636,0.9517442358789749,0.9486263224964786,0.007419284548598036
1.0545196533203125,0.09691817874951518,0.004918146133422852,0.00017810160852802792,balanced,gini,35,"{'DT__class_weight': 'balanced', 'DT__criterion': 'gini', 'DT__max_depth': 35}",0.8684399712437095,0.8898488120950324,0.8856624319419237,0.8911174785100288,0.8623452294246177,0.8794827846430624,0.011803797642195621,79,0.9474499010922852,0.9352191374192422,0.951306310216127,0.9574120278757636,0.9517442358789749,0.9486263224964786,0.007419284548598036
1.0489739894866943,0.09612328547455924,0.004697370529174805,0.00017963984170995756,balanced,gini,36,"{'DT__class_weight': 'balanced', 'DT__criterion': 'gini', 'DT__max_depth': 36}",0.8684399712437095,0.8898488120950324,0.8856624319419237,0.8911174785100288,0.8623452294246177,0.8794827846430624,0.011803797642195621,79,0.9474499010922852,0.9352191374192422,0.951306310216127,0.9574120278757636,0.9517442358789749,0.9486263224964786,0.007419284548598036
1.0509869575500488,0.10038522785009057,0.004895496368408203,0.00041453254673328886,balanced,gini,37,"{'DT__class_weight': 'balanced', 'DT__criterion': 'gini', 'DT__max_depth': 37}",0.8684399712437095,0.8898488120950324,0.8856624319419237,0.8911174785100288,0.8623452294246177,0.8794827846430624,0.011803797642195621,79,0.9474499010922852,0.9352191374192422,0.951306310216127,0.9574120278757636,0.9517442358789749,0.9486263224964786,0.007419284548598036
1.042667818069458,0.09740858426523925,0.004851722717285156,0.0007661200417174517,balanced,gini,38,"{'DT__class_weight': 'balanced', 'DT__criterion': 'gini', 'DT__max_depth': 38}",0.8684399712437095,0.8898488120950324,0.8856624319419237,0.8911174785100288,0.8623452294246177,0.8794827846430624,0.011803797642195621,79,0.9474499010922852,0.9352191374192422,0.951306310216127,0.9574120278757636,0.9517442358789749,0.9486263224964786,0.007419284548598036
1.0433923721313476,0.09909079069047112,0.004381656646728516,0.0006594841148439739,balanced,gini,39,"{'DT__class_weight': 'balanced', 'DT__criterion': 'gini', 'DT__max_depth': 39}",0.8684399712437095,0.8898488120950324,0.8856624319419237,0.8911174785100288,0.8623452294246177,0.8794827846430624,0.011803797642195621,79,0.9474499010922852,0.9352191374192422,0.951306310216127,0.9574120278757636,0.9517442358789749,0.9486263224964786,0.007419284548598036
1.043485975265503,0.09293866788911316,0.004368305206298828,0.0002808453471607704,balanced,gini,40,"{'DT__class_weight': 'balanced', 'DT__criterion': 'gini', 'DT__max_depth': 40}",0.8684399712437095,0.8898488120950324,0.8856624319419237,0.8911174785100288,0.8623452294246177,0.8794827846430624,0.011803797642195621,79,0.9474499010922852,0.9352191374192422,0.951306310216127,0.9574120278757636,0.9517442358789749,0.9486263224964786,0.007419284548598036
1.078049612045288,0.09917623096859342,0.004340744018554688,0.00023662203069970547,balanced,gini,41,"{'DT__class_weight': 'balanced', 'DT__criterion': 'gini', 'DT__max_depth': 41}",0.8684399712437095,0.8898488120950324,0.8856624319419237,0.8911174785100288,0.8623452294246177,0.8794827846430624,0.011803797642195621,79,0.9474499010922852,0.9352191374192422,0.951306310216127,0.9574120278757636,0.9517442358789749,0.9486263224964786,0.007419284548598036
1.056445550918579,0.1038796667584645,0.004880332946777343,0.0004313262558781614,balanced,gini,42,"{'DT__class_weight': 'balanced', 'DT__criterion': 'gini', 'DT__max_depth': 42}",0.8684399712437095,0.8898488120950324,0.8856624319419237,0.8911174785100288,0.8623452294246177,0.8794827846430624,0.011803797642195621,79,0.9474499010922852,0.9352191374192422,0.951306310216127,0.9574120278757636,0.9517442358789749,0.9486263224964786,0.007419284548598036
1.0490167140960693,0.09643544343129572,0.004715967178344727,0.0008142645811220358,balanced,gini,43,"{'DT__class_weight': 'balanced', 'DT__criterion': 'gini', 'DT__max_depth': 43}",0.8684399712437095,0.8898488120950324,0.8856624319419237,0.8911174785100288,0.8623452294246177,0.8794827846430624,0.011803797642195621,79,0.9474499010922852,0.9352191374192422,0.951306310216127,0.9574120278757636,0.9517442358789749,0.9486263224964786,0.007419284548598036
1.0404915809631348,0.09845442039994122,0.004689407348632812,0.0005749765725735963,balanced,gini,44,"{'DT__class_weight': 'balanced', 'DT__criterion': 'gini', 'DT__max_depth': 44}",0.8684399712437095,0.8898488120950324,0.8856624319419237,0.8911174785100288,0.8623452294246177,0.8794827846430624,0.011803797642195621,79,0.9474499010922852,0.9352191374192422,0.951306310216127,0.9574120278757636,0.9517442358789749,0.9486263224964786,0.007419284548598036
1.0335246086120606,0.10404000263303732,0.005103921890258789,0.0014674920754615018,balanced,gini,45,"{'DT__class_weight': 'balanced', 'DT__criterion': 'gini', 'DT__max_depth': 45}",0.8684399712437095,0.8898488120950324,0.8856624319419237,0.8911174785100288,0.8623452294246177,0.8794827846430624,0.011803797642195621,79,0.9474499010922852,0.9352191374192422,0.951306310216127,0.9574120278757636,0.9517442358789749,0.9486263224964786,0.007419284548598036
1.0357617378234862,0.09637222421609341,0.003982734680175781,0.0003322453843204191,balanced,gini,46,"{'DT__class_weight': 'balanced', 'DT__criterion': 'gini', 'DT__max_depth': 46}",0.8684399712437095,0.8898488120950324,0.8856624319419237,0.8911174785100288,0.8623452294246177,0.8794827846430624,0.011803797642195621,79,0.9474499010922852,0.9352191374192422,0.951306310216127,0.9574120278757636,0.9517442358789749,0.9486263224964786,0.007419284548598036
1.0543331623077392,0.09154770516132346,0.004512214660644531,0.0004656256032241164,balanced,gini,47,"{'DT__class_weight': 'balanced', 'DT__criterion': 'gini', 'DT__max_depth': 47}",0.8684399712437095,0.8898488120950324,0.8856624319419237,0.8911174785100288,0.8623452294246177,0.8794827846430624,0.011803797642195621,79,0.9474499010922852,0.9352191374192422,0.951306310216127,0.9574120278757636,0.9517442358789749,0.9486263224964786,0.007419284548598036
1.0469475269317627,0.09795683247608562,0.004383707046508789,0.00041479254490055944,balanced,gini,48,"{'DT__class_weight': 'balanced', 'DT__criterion': 'gini', 'DT__max_depth': 48}",0.8684399712437095,0.8898488120950324,0.8856624319419237,0.8911174785100288,0.8623452294246177,0.8794827846430624,0.011803797642195621,79,0.9474499010922852,0.9352191374192422,0.951306310216127,0.9574120278757636,0.9517442358789749,0.9486263224964786,0.007419284548598036
1.0600209712982178,0.09650295807865356,0.005267810821533203,0.0007772041585282115,balanced,gini,49,"{'DT__class_weight': 'balanced', 'DT__criterion': 'gini', 'DT__max_depth': 49}",0.8684399712437095,0.8898488120950324,0.8856624319419237,0.8911174785100288,0.8623452294246177,0.8794827846430624,0.011803797642195621,79,0.9474499010922852,0.9352191374192422,0.951306310216127,0.9574120278757636,0.9517442358789749,0.9486263224964786,0.007419284548598036
1.0665943622589111,0.10109590534375225,0.0049857616424560545,0.0006651973108416647,balanced,gini,50,"{'DT__class_weight': 'balanced', 'DT__criterion': 'gini', 'DT__max_depth': 50}",0.8684399712437095,0.8898488120950324,0.8856624319419237,0.8911174785100288,0.8623452294246177,0.8794827846430624,0.011803797642195621,79,0.9474499010922852,0.9352191374192422,0.951306310216127,0.9574120278757636,0.9517442358789749,0.9486263224964786,0.007419284548598036
0.14018497467041016,0.0026790025771507744,0.00528717041015625,0.0004969228217668779,balanced,entropy,1,"{'DT__class_weight': 'balanced', 'DT__criterion': 'entropy', 'DT__max_depth': 1}",0.4102564102564102,0.5096296296296297,0.4552845528455284,0.47604639435199186,0.4689236988377969,0.4640281371842714,0.03229783282633739,198,0.4991194968553459,0.5223971683144146,0.5176876617773942,0.5278149726110773,0.5144694533762059,0.5162977505868876,0.009697589647357336
0.20798449516296386,0.006304701663405667,0.00444793701171875,0.0007784744052002451,balanced,entropy,2,"{'DT__class_weight': 'balanced', 'DT__criterion': 'entropy', 'DT__max_depth': 2}",0.7179909427748044,0.7470564352415754,0.7161716171617161,0.7334410339256865,0.7588424437299035,0.7347004945667371,0.01649010393806523,194,0.7695028492827668,0.7592056680969964,0.7547931382441977,0.7662531017369727,0.7588163761653831,0.7617142267052632,0.005363877286753707
0.26261119842529296,0.0050202724524339845,0.004387426376342774,0.0009365459728772473,balanced,entropy,3,"{'DT__class_weight': 'balanced', 'DT__criterion': 'entropy', 'DT__max_depth': 3}",0.7731878409976618,0.7975460122699387,0.7917146144994246,0.7932618683001531,0.7588424437299035,0.7829105559594164,0.01464693079036384,189,0.8248954946586158,0.8188146754468485,0.822083569672906,0.8300898203592816,0.7588163761653831,0.8109399872606069,0.026323120145831297
0.32391581535339353,0.004541688163342404,0.00385136604309082,0.0005903441490543434,balanced,entropy,4,"{'DT__class_weight': 'balanced', 'DT__criterion': 'entropy', 'DT__max_depth': 4}",0.8251386321626617,0.8393250183418929,0.8385926731955023,0.8460702643969576,0.847530422333572,0.8393314020861173,0.007932423053377853,175,0.863943161634103,0.861173510647857,0.8690348044492286,0.8705440900562852,0.8738603168982915,0.8677111767371531,0.004572271396738417
0.3800534248352051,0.003321541680593434,0.004022407531738281,0.0006035833189932395,balanced,entropy,5,"{'DT__class_weight': 'balanced', 'DT__criterion': 'entropy', 'DT__max_depth': 5}",0.8037383177570093,0.8486187845303867,0.8178720181749337,0.8428946381702287,0.8376193975018369,0.8301486312268791,0.016778793105548553,181,0.8604694141563481,0.8798137202221027,0.865343793262575,0.8697261287934863,0.8716794236830256,0.8694064960235076,0.006480056586124368
0.4324979782104492,0.0025095629730934954,0.004040384292602539,0.00032334797077628415,balanced,entropy,6,"{'DT__class_weight': 'balanced', 'DT__criterion': 'entropy', 'DT__max_depth': 6}",0.7933884297520661,0.8799713364385524,0.819961612284069,0.835910976989815,0.8439560439560441,0.8346376798841093,0.028497302355660052,177,0.8593560429304713,0.9048034934497816,0.8679386457164234,0.8737504627915587,0.8796188078755731,0.8770934905527616,0.015387173586314301
0.4880867004394531,0.0026019021675800446,0.004099655151367188,0.0005145004084624007,balanced,entropy,7,"{'DT__class_weight': 'balanced', 'DT__criterion': 'entropy', 'DT__max_depth': 7}",0.7739837398373983,0.8629213483146068,0.8425855513307986,0.8204334365325078,0.8686567164179105,0.8337161584866444,0.03434194045495717,179,0.8622845235840122,0.9073956730334027,0.8995601173020528,0.8754914809960682,0.9174875734297333,0.8924438736690539,0.02048586898459617
0.5416501522064209,0.0033962585001041453,0.004127645492553711,0.0006092418812734715,balanced,entropy,8,"{'DT__class_weight': 'balanced', 'DT__criterion': 'entropy', 'DT__max_depth': 8}",0.7961783439490446,0.8760207869339274,0.860986547085202,0.8664259927797834,0.8790560471976401,0.8557335435891195,0.030477059361739164,171,0.8801117838844901,0.914799820062978,0.9152970922882429,0.9277087344652547,0.9360418699547594,0.9147918601311449,0.019085971662107057
0.5952636241912842,0.0041769740107179204,0.0037361621856689454,0.0005804806204627643,balanced,entropy,9,"{'DT__class_weight': 'balanced', 'DT__criterion': 'entropy', 'DT__max_depth': 9}",0.8208317139525844,0.897575099529497,0.8811086797957696,0.8600883652430044,0.8780487804878049,0.8675305278017322,0.026206263144194945,160,0.9064290260980267,0.9378392575731046,0.9301663553064675,0.9334039922275218,0.9395118500176866,0.9294700962445613,0.01198107597811506
0.6574612140655518,0.004988245825205577,0.004207611083984375,0.0007817422584445028,balanced,entropy,10,"{'DT__class_weight': 'balanced', 'DT__criterion': 'entropy', 'DT__max_depth': 10}",0.8015841584158415,0.8927662668120683,0.8797953964194374,0.878295413506681,0.8790560471976401,0.8662994564703337,0.03279431609062403,164,0.9045574938350534,0.9432741893191153,0.9325591782045556,0.9422455220620358,0.9423382119555634,0.9329949190752647,0.014747279061650857
0.6978402137756348,0.006399472137441241,0.0040814876556396484,0.0008611812675005864,balanced,entropy,11,"{'DT__class_weight': 'balanced', 'DT__criterion': 'entropy', 'DT__max_depth': 11}",0.8174726989079564,0.8930772018847409,0.8781558726673984,0.8789625360230546,0.892128279883382,0.8719593178733065,0.027960636815811835,119,0.9059626763768776,0.944337811900192,0.9354723707664885,0.950255212388615,0.952580927384077,0.9377217997632499,0.01694316128335055
0.7454487323760987,0.0057960873615925555,0.004342174530029297,0.0005438645762036908,balanced,entropy,12,"{'DT__class_weight': 'balanced', 'DT__criterion': 'entropy', 'DT__max_depth': 12}",0.8648648648648648,0.8784082535003686,0.8807874589865111,0.8801742919389978,0.8800295311923219,0.8768528800966129,0.006045419678949856,113,0.9516521739130434,0.9422503071792171,0.9437129981443846,0.9472491062865115,0.9478672985781991,0.946546376820271,0.003310349710456765
0.7663930892944336,0.02270715829920857,0.0044285297393798825,0.000629131248569275,balanced,entropy,13,"{'DT__class_weight': 'balanced', 'DT__criterion': 'entropy', 'DT__max_depth': 13}",0.8610800744878957,0.8934010152284264,0.883737776168055,0.880494006538322,0.8875869644818749,0.8812599673809148,0.010967134946948192,73,0.9488096276271039,0.9471120389700765,0.9488551627335731,0.9501088376142796,0.9517819706498951,0.9493335275189857,0.0015514054819249323
0.7995489597320556,0.04147439687109047,0.004384040832519531,0.0007386779362838676,balanced,entropy,14,"{'DT__class_weight': 'balanced', 'DT__criterion': 'entropy', 'DT__max_depth': 14}",0.8562874251497007,0.8966015907447578,0.883737776168055,0.881159420289855,0.8875869644818749,0.8810746353668487,0.013453639444918264,74,0.9501568490763331,0.9420391061452513,0.9488551627335731,0.952232336367577,0.950965824665676,0.9488498557976822,0.0035780740483709766
0.815195894241333,0.05618498288330617,0.004584789276123047,0.0008143845832199356,balanced,entropy,15,"{'DT__class_weight': 'balanced', 'DT__criterion': 'entropy', 'DT__max_depth': 15}",0.8593808280492354,0.9010435408420295,0.8827785817655571,0.8827785817655571,0.8875869644818749,0.8827136993808509,0.01344740201497832,32,0.9499912876807806,0.9482818465810483,0.9485944478500743,0.9521165857043719,0.950965824665676,0.9499899984963902,0.0014380511882495408
0.8042768478393555,0.05201047352255932,0.004214429855346679,0.0004541940788718132,balanced,entropy,16,"{'DT__class_weight': 'balanced', 'DT__criterion': 'entropy', 'DT__max_depth': 16}",0.8668639053254438,0.8917937545388526,0.8827785817655571,0.8827785817655571,0.8875869644818749,0.882360357575457,0.008447440479891242,67,0.9513701609395389,0.9423699169217314,0.9485944478500743,0.9521165857043719,0.950965824665676,0.9490833872162785,0.0035576099555755135
0.8103884696960449,0.0544199285444383,0.004386377334594726,0.0006902762854345865,balanced,entropy,17,"{'DT__class_weight': 'balanced', 'DT__criterion': 'entropy', 'DT__max_depth': 17}",0.8607594936708861,0.8981949458483756,0.883737776168055,0.8827785817655571,0.8875869644818749,0.8826115523869498,0.012218065528034085,33,0.9532921631730017,0.941669577366399,0.9488551627335731,0.9521165857043719,0.950965824665676,0.9493798627286043,0.0041239503665924365
0.8076345443725585,0.05435827341747963,0.004703617095947266,0.0009560287570844842,balanced,entropy,18,"{'DT__class_weight': 'balanced', 'DT__criterion': 'entropy', 'DT__max_depth': 18}",0.8607594936708861,0.8981949458483756,0.883737776168055,0.8827785817655571,0.8875869644818749,0.8826115523869498,0.012218065528034085,33,0.9532921631730017,0.941669577366399,0.9488551627335731,0.9521165857043719,0.950965824665676,0.9493798627286043,0.0041239503665924365
0.8101742267608643,0.053237361520828856,0.004569292068481445,0.0007353362232321086,balanced,entropy,19,"{'DT__class_weight': 'balanced', 'DT__criterion': 'entropy', 'DT__max_depth': 19}",0.8607594936708861,0.8981949458483756,0.883737776168055,0.8827785817655571,0.8875869644818749,0.8826115523869498,0.012218065528034085,33,0.9532921631730017,0.941669577366399,0.9488551627335731,0.9521165857043719,0.950965824665676,0.9493798627286043,0.0041239503665924365
0.8061648845672608,0.0536184136920884,0.00441436767578125,0.0005239554391929786,balanced,entropy,20,"{'DT__class_weight': 'balanced', 'DT__criterion': 'entropy', 'DT__max_depth': 20}",0.8607594936708861,0.8981949458483756,0.883737776168055,0.8827785817655571,0.8875869644818749,0.8826115523869498,0.012218065528034085,33,0.9532921631730017,0.941669577366399,0.9488551627335731,0.9521165857043719,0.950965824665676,0.9493798627286043,0.0041239503665924365
0.8135241031646728,0.051346479840244916,0.004477167129516601,0.0008331448411515684,balanced,entropy,21,"{'DT__class_weight': 'balanced', 'DT__criterion': 'entropy', 'DT__max_depth': 21}",0.8607594936708861,0.8981949458483756,0.883737776168055,0.8827785817655571,0.8875869644818749,0.8826115523869498,0.012218065528034085,33,0.9532921631730017,0.941669577366399,0.9488551627335731,0.9521165857043719,0.950965824665676,0.9493798627286043,0.0041239503665924365
0.803568172454834,0.05117211201593651,0.004891681671142578,0.001252716116862928,balanced,entropy,22,"{'DT__class_weight': 'balanced', 'DT__criterion': 'entropy', 'DT__max_depth': 22}",0.8607594936708861,0.8981949458483756,0.883737776168055,0.8827785817655571,0.8875869644818749,0.8826115523869498,0.012218065528034085,33,0.9532921631730017,0.941669577366399,0.9488551627335731,0.9521165857043719,0.950965824665676,0.9493798627286043,0.0041239503665924365
0.8095366001129151,0.05460175206953361,0.004747200012207031,0.0011493365822758037,balanced,entropy,23,"{'DT__class_weight': 'balanced', 'DT__criterion': 'entropy', 'DT__max_depth': 23}",0.8607594936708861,0.8981949458483756,0.883737776168055,0.8827785817655571,0.8875869644818749,0.8826115523869498,0.012218065528034085,33,0.9532921631730017,0.941669577366399,0.9488551627335731,0.9521165857043719,0.950965824665676,0.9493798627286043,0.0041239503665924365
0.8081273555755615,0.05164129357327364,0.004355478286743164,0.000621412044068333,balanced,entropy,24,"{'DT__class_weight': 'balanced', 'DT__criterion': 'entropy', 'DT__max_depth': 24}",0.8607594936708861,0.8981949458483756,0.883737776168055,0.8827785817655571,0.8875869644818749,0.8826115523869498,0.012218065528034085,33,0.9532921631730017,0.941669577366399,0.9488551627335731,0.9521165857043719,0.950965824665676,0.9493798627286043,0.0041239503665924365
0.8227484226226807,0.056980985530163,0.004678010940551758,0.0009372911850889121,balanced,entropy,25,"{'DT__class_weight': 'balanced', 'DT__criterion': 'entropy', 'DT__max_depth': 25}",0.8607594936708861,0.8981949458483756,0.883737776168055,0.8827785817655571,0.8875869644818749,0.8826115523869498,0.012218065528034085,33,0.9532921631730017,0.941669577366399,0.9488551627335731,0.9521165857043719,0.950965824665676,0.9493798627286043,0.0041239503665924365
0.82609543800354,0.060472520939796104,0.004525947570800781,0.0005627763247582904,balanced,entropy,26,"{'DT__class_weight': 'balanced', 'DT__criterion': 'entropy', 'DT__max_depth': 26}",0.8607594936708861,0.8981949458483756,0.883737776168055,0.8827785817655571,0.8875869644818749,0.8826115523869498,0.012218065528034085,33,0.9532921631730017,0.941669577366399,0.9488551627335731,0.9521165857043719,0.950965824665676,0.9493798627286043,0.0041239503665924365
0.808041763305664,0.054179257104463426,0.0047379016876220705,0.0008044223553601013,balanced,entropy,27,"{'DT__class_weight': 'balanced', 'DT__criterion': 'entropy', 'DT__max_depth': 27}",0.8607594936708861,0.8981949458483756,0.883737776168055,0.8827785817655571,0.8875869644818749,0.8826115523869498,0.012218065528034085,33,0.9532921631730017,0.941669577366399,0.9488551627335731,0.9521165857043719,0.950965824665676,0.9493798627286043,0.0041239503665924365
0.8136799335479736,0.05919385712119736,0.004788589477539062,0.0011185769036451464,balanced,entropy,28,"{'DT__class_weight': 'balanced', 'DT__criterion': 'entropy', 'DT__max_depth': 28}",0.8607594936708861,0.8981949458483756,0.883737776168055,0.8827785817655571,0.8875869644818749,0.8826115523869498,0.012218065528034085,33,0.9532921631730017,0.941669577366399,0.9488551627335731,0.9521165857043719,0.950965824665676,0.9493798627286043,0.0041239503665924365
0.8040967464447022,0.0528582138163901,0.004454421997070313,0.0006700744965680493,balanced,entropy,29,"{'DT__class_weight': 'balanced', 'DT__criterion': 'entropy', 'DT__max_depth': 29}",0.8607594936708861,0.8981949458483756,0.883737776168055,0.8827785817655571,0.8875869644818749,0.8826115523869498,0.012218065528034085,33,0.9532921631730017,0.941669577366399,0.9488551627335731,0.9521165857043719,0.950965824665676,0.9493798627286043,0.0041239503665924365
0.8136341571807861,0.053522066112907954,0.004654932022094727,0.0011559612964125653,balanced,entropy,30,"{'DT__class_weight': 'balanced', 'DT__criterion': 'entropy', 'DT__max_depth': 30}",0.8607594936708861,0.8981949458483756,0.883737776168055,0.8827785817655571,0.8875869644818749,0.8826115523869498,0.012218065528034085,33,0.9532921631730017,0.941669577366399,0.9488551627335731,0.9521165857043719,0.950965824665676,0.9493798627286043,0.0041239503665924365
0.8236826896667481,0.05581189943358173,0.004671525955200195,0.0008013907972625581,balanced,entropy,31,"{'DT__class_weight': 'balanced', 'DT__criterion': 'entropy', 'DT__max_depth': 31}",0.8607594936708861,0.8981949458483756,0.883737776168055,0.8827785817655571,0.8875869644818749,0.8826115523869498,0.012218065528034085,33,0.9532921631730017,0.941669577366399,0.9488551627335731,0.9521165857043719,0.950965824665676,0.9493798627286043,0.0041239503665924365
0.807774019241333,0.05352908278718756,0.004626226425170898,0.0008259699341826802,balanced,entropy,32,"{'DT__class_weight': 'balanced', 'DT__criterion': 'entropy', 'DT__max_depth': 32}",0.8607594936708861,0.8981949458483756,0.883737776168055,0.8827785817655571,0.8875869644818749,0.8826115523869498,0.012218065528034085,33,0.9532921631730017,0.941669577366399,0.9488551627335731,0.9521165857043719,0.950965824665676,0.9493798627286043,0.0041239503665924365
0.8156198501586914,0.05479736605882771,0.004593038558959961,0.0007726178598606301,balanced,entropy,33,"{'DT__class_weight': 'balanced', 'DT__criterion': 'entropy', 'DT__max_depth': 33}",0.8607594936708861,0.8981949458483756,0.883737776168055,0.8827785817655571,0.8875869644818749,0.8826115523869498,0.012218065528034085,33,0.9532921631730017,0.941669577366399,0.9488551627335731,0.9521165857043719,0.950965824665676,0.9493798627286043,0.0041239503665924365
0.8100246906280517,0.05304361713627324,0.004516696929931641,0.0008197816070532833,balanced,entropy,34,"{'DT__class_weight': 'balanced', 'DT__criterion': 'entropy', 'DT__max_depth': 34}",0.8607594936708861,0.8981949458483756,0.883737776168055,0.8827785817655571,0.8875869644818749,0.8826115523869498,0.012218065528034085,33,0.9532921631730017,0.941669577366399,0.9488551627335731,0.9521165857043719,0.950965824665676,0.9493798627286043,0.0041239503665924365
0.815831184387207,0.054638208853910464,0.004808998107910157,0.000876254151910711,balanced,entropy,35,"{'DT__class_weight': 'balanced', 'DT__criterion': 'entropy', 'DT__max_depth': 35}",0.8607594936708861,0.8981949458483756,0.883737776168055,0.8827785817655571,0.8875869644818749,0.8826115523869498,0.012218065528034085,33,0.9532921631730017,0.941669577366399,0.9488551627335731,0.9521165857043719,0.950965824665676,0.9493798627286043,0.0041239503665924365
0.8165685653686523,0.054109169047984226,0.004605007171630859,0.0006412103289695128,balanced,entropy,36,"{'DT__class_weight': 'balanced', 'DT__criterion': 'entropy', 'DT__max_depth': 36}",0.8607594936708861,0.8981949458483756,0.883737776168055,0.8827785817655571,0.8875869644818749,0.8826115523869498,0.012218065528034085,33,0.9532921631730017,0.941669577366399,0.9488551627335731,0.9521165857043719,0.950965824665676,0.9493798627286043,0.0041239503665924365
0.8190607547760009,0.05381052732325882,0.0045814037322998045,0.0011110809462103843,balanced,entropy,37,"{'DT__class_weight': 'balanced', 'DT__criterion': 'entropy', 'DT__max_depth': 37}",0.8607594936708861,0.8981949458483756,0.883737776168055,0.8827785817655571,0.8875869644818749,0.8826115523869498,0.012218065528034085,33,0.9532921631730017,0.941669577366399,0.9488551627335731,0.9521165857043719,0.950965824665676,0.9493798627286043,0.0041239503665924365
0.8194582462310791,0.05369274611705542,0.004956197738647461,0.0009671271311463657,balanced,entropy,38,"{'DT__class_weight': 'balanced', 'DT__criterion': 'entropy', 'DT__max_depth': 38}",0.8607594936708861,0.8981949458483756,0.883737776168055,0.8827785817655571,0.8875869644818749,0.8826115523869498,0.012218065528034085,33,0.9532921631730017,0.941669577366399,0.9488551627335731,0.9521165857043719,0.950965824665676,0.9493798627286043,0.0041239503665924365
0.8107450008392334,0.05695485469440456,0.004789304733276367,0.0010424836315777357,balanced,entropy,39,"{'DT__class_weight': 'balanced', 'DT__criterion': 'entropy', 'DT__max_depth': 39}",0.8607594936708861,0.8981949458483756,0.883737776168055,0.8827785817655571,0.8875869644818749,0.8826115523869498,0.012218065528034085,33,0.9532921631730017,0.941669577366399,0.9488551627335731,0.9521165857043719,0.950965824665676,0.9493798627286043,0.0041239503665924365
0.8127110958099365,0.05336432075662299,0.004614448547363282,0.000870851523138178,balanced,entropy,40,"{'DT__class_weight': 'balanced', 'DT__criterion': 'entropy', 'DT__max_depth': 40}",0.8607594936708861,0.8981949458483756,0.883737776168055,0.8827785817655571,0.8875869644818749,0.8826115523869498,0.012218065528034085,33,0.9532921631730017,0.941669577366399,0.9488551627335731,0.9521165857043719,0.950965824665676,0.9493798627286043,0.0041239503665924365
0.8199379920959473,0.055241337919156995,0.004682159423828125,0.0009273512404610093,balanced,entropy,41,"{'DT__class_weight': 'balanced', 'DT__criterion': 'entropy', 'DT__max_depth': 41}",0.8607594936708861,0.8981949458483756,0.883737776168055,0.8827785817655571,0.8875869644818749,0.8826115523869498,0.012218065528034085,33,0.9532921631730017,0.941669577366399,0.9488551627335731,0.9521165857043719,0.950965824665676,0.9493798627286043,0.0041239503665924365
0.812014389038086,0.0550425538154396,0.004733848571777344,0.0008857418086949866,balanced,entropy,42,"{'DT__class_weight': 'balanced', 'DT__criterion': 'entropy', 'DT__max_depth': 42}",0.8607594936708861,0.8981949458483756,0.883737776168055,0.8827785817655571,0.8875869644818749,0.8826115523869498,0.012218065528034085,33,0.9532921631730017,0.941669577366399,0.9488551627335731,0.9521165857043719,0.950965824665676,0.9493798627286043,0.0041239503665924365
0.8169243335723877,0.05532076078424414,0.004521751403808593,0.0008386001798963154,balanced,entropy,43,"{'DT__class_weight': 'balanced', 'DT__criterion': 'entropy', 'DT__max_depth': 43}",0.8607594936708861,0.8981949458483756,0.883737776168055,0.8827785817655571,0.8875869644818749,0.8826115523869498,0.012218065528034085,33,0.9532921631730017,0.941669577366399,0.9488551627335731,0.9521165857043719,0.950965824665676,0.9493798627286043,0.0041239503665924365
0.8203355312347412,0.0545814040834952,0.0045012950897216795,0.0006046413509221574,balanced,entropy,44,"{'DT__class_weight': 'balanced', 'DT__criterion': 'entropy', 'DT__max_depth': 44}",0.8607594936708861,0.8981949458483756,0.883737776168055,0.8827785817655571,0.8875869644818749,0.8826115523869498,0.012218065528034085,33,0.9532921631730017,0.941669577366399,0.9488551627335731,0.9521165857043719,0.950965824665676,0.9493798627286043,0.0041239503665924365
0.8252764225006104,0.0579862040305244,0.004763555526733398,0.0006087420782309212,balanced,entropy,45,"{'DT__class_weight': 'balanced', 'DT__criterion': 'entropy', 'DT__max_depth': 45}",0.8607594936708861,0.8981949458483756,0.883737776168055,0.8827785817655571,0.8875869644818749,0.8826115523869498,0.012218065528034085,33,0.9532921631730017,0.941669577366399,0.9488551627335731,0.9521165857043719,0.950965824665676,0.9493798627286043,0.0041239503665924365
0.8095812797546387,0.05316007797848444,0.004431867599487304,0.0006223140096150748,balanced,entropy,46,"{'DT__class_weight': 'balanced', 'DT__criterion': 'entropy', 'DT__max_depth': 46}",0.8607594936708861,0.8981949458483756,0.883737776168055,0.8827785817655571,0.8875869644818749,0.8826115523869498,0.012218065528034085,33,0.9532921631730017,0.941669577366399,0.9488551627335731,0.9521165857043719,0.950965824665676,0.9493798627286043,0.0041239503665924365
0.8114279270172119,0.05224739561407063,0.004474830627441406,0.0009385294646395232,balanced,entropy,47,"{'DT__class_weight': 'balanced', 'DT__criterion': 'entropy', 'DT__max_depth': 47}",0.8607594936708861,0.8981949458483756,0.883737776168055,0.8827785817655571,0.8875869644818749,0.8826115523869498,0.012218065528034085,33,0.9532921631730017,0.941669577366399,0.9488551627335731,0.9521165857043719,0.950965824665676,0.9493798627286043,0.0041239503665924365
0.8217757225036622,0.0552723484381273,0.004933881759643555,0.001026565279049051,balanced,entropy,48,"{'DT__class_weight': 'balanced', 'DT__criterion': 'entropy', 'DT__max_depth': 48}",0.8607594936708861,0.8981949458483756,0.883737776168055,0.8827785817655571,0.8875869644818749,0.8826115523869498,0.012218065528034085,33,0.9532921631730017,0.941669577366399,0.9488551627335731,0.9521165857043719,0.950965824665676,0.9493798627286043,0.0041239503665924365
0.8118714332580567,0.05425231834251501,0.0047512054443359375,0.0009881736432800932,balanced,entropy,49,"{'DT__class_weight': 'balanced', 'DT__criterion': 'entropy', 'DT__max_depth': 49}",0.8607594936708861,0.8981949458483756,0.883737776168055,0.8827785817655571,0.8875869644818749,0.8826115523869498,0.012218065528034085,33,0.9532921631730017,0.941669577366399,0.9488551627335731,0.9521165857043719,0.950965824665676,0.9493798627286043,0.0041239503665924365
0.836435604095459,0.056612882235334665,0.004919672012329101,0.0010502679399287077,balanced,entropy,50,"{'DT__class_weight': 'balanced', 'DT__criterion': 'entropy', 'DT__max_depth': 50}",0.8607594936708861,0.8981949458483756,0.883737776168055,0.8827785817655571,0.8875869644818749,0.8826115523869498,0.012218065528034085,33,0.9532921631730017,0.941669577366399,0.9488551627335731,0.9521165857043719,0.950965824665676,0.9493798627286043,0.0041239503665924365
0.10673751831054687,0.01864990270607215,0.003891658782958984,0.000915342170645177,,gini,1,"{'DT__class_weight': None, 'DT__criterion': 'gini', 'DT__max_depth': 1}",0.40064620355411956,0.4310618066561015,0.4439876670092498,0.4681724845995893,0.4924318869828456,0.4472600097603811,0.03138078085588441,199,0.4894643310484895,0.48352207660007623,0.5118648279289353,0.4840182648401827,0.47046712134860375,0.48786732435325747,0.013526966474595583
0.1935356616973877,0.0062358081850098016,0.005022954940795898,0.0010260256325023106,,gini,2,"{'DT__class_weight': None, 'DT__criterion': 'gini', 'DT__max_depth': 2}",0.6843247937472862,0.7007805724197744,0.6881720430107527,0.7087749046206019,0.7392739273927392,0.7042652482382309,0.01956885567522674,196,0.7393561786085151,0.724116027948338,0.7329075489477541,0.7196261682242991,0.7232020276692364,0.7278415902796286,0.007227007638824804
0.2468545913696289,0.006940666529939783,0.004416608810424804,0.0007941190629621309,,gini,3,"{'DT__class_weight': None, 'DT__criterion': 'gini', 'DT__max_depth': 3}",0.7505120852109791,0.7677917852785685,0.7549615228837586,0.7671232876712328,0.782816229116945,0.7646409820322968,0.011311469080234313,192,0.8051643192488263,0.8001576665352779,0.7999208782514095,0.797299980146913,0.7933027705800278,0.7991691229524909,0.0038831048932950873
0.3016780376434326,0.005284240794842468,0.004190921783447266,0.0009898899030431419,,gini,4,"{'DT__class_weight': None, 'DT__criterion': 'gini', 'DT__max_depth': 4}",0.8286484405082787,0.8031620553359683,0.8153846153846155,0.8018794048551291,0.7714748784440844,0.8041098789056151,0.018974600535093217,187,0.8429453681710214,0.8343274966326727,0.8476569910832858,0.8411376041367423,0.8152463710871927,0.8362627662221829,0.011346221455086682
0.35121798515319824,0.003988045214170825,0.004263830184936523,0.000712449200651775,,gini,5,"{'DT__class_weight': None, 'DT__criterion': 'gini', 'DT__max_depth': 5}",0.7714402954452195,0.8359133126934984,0.8250289687137891,0.8221709006928406,0.7955449482895784,0.8100196851669853,0.023414943505377026,185,0.8446771378708552,0.8664396519107075,0.867296786389414,0.8706671636228103,0.8554515944242888,0.860906466843615,0.009590310469601033
0.4074456214904785,0.005266644516221997,0.004878377914428711,0.0009497722739731115,,gini,6,"{'DT__class_weight': None, 'DT__criterion': 'gini', 'DT__max_depth': 6}",0.7834213734254368,0.8596292092319334,0.8422652983656403,0.8427434634331186,0.8250289687137891,0.8306176626339836,0.026011903098209062,180,0.8557710773958132,0.8877371587228134,0.8891354600092465,0.8931932389218821,0.8807681551225879,0.8813210180344686,0.013388705072168047
0.4544822216033936,0.006325128579031657,0.004421854019165039,0.0010526774390746253,,gini,7,"{'DT__class_weight': None, 'DT__criterion': 'gini', 'DT__max_depth': 7}",0.7757774140752864,0.8806523350630096,0.8569288389513108,0.8509996227838551,0.8300425861401473,0.8388801594027218,0.03543334603031093,176,0.8576098452071915,0.9031318281136198,0.9012232974255979,0.9041519033342419,0.8834906101093152,0.8899214968379934,0.017833379675258606
0.5069585323333741,0.006308673613533695,0.004746484756469727,0.0007614722956688075,,gini,8,"{'DT__class_weight': None, 'DT__criterion': 'gini', 'DT__max_depth': 8}",0.8135593220338982,0.8833087149187592,0.8536128790715087,0.8491790759831997,0.8413001912045889,0.848192036642391,0.022407424337301408,173,0.8932652113330237,0.916140667267809,0.9110346077187896,0.9104450499545866,0.906241407753643,0.9074253888055704,0.0077461387862356075
0.5535302639007569,0.005305539039528256,0.004546642303466797,0.0009920349143206896,,gini,9,"{'DT__class_weight': None, 'DT__criterion': 'gini', 'DT__max_depth': 9}",0.844682478959449,0.8869244935543278,0.8536128790715087,0.8476621417797888,0.8633308439133681,0.8592425674556884,0.01523679010868939,168,0.9190903325178944,0.9182921348314607,0.9115300942712109,0.913564668769716,0.9244859477417617,0.9173926356264086,0.004539362768460039
0.5989885330200195,0.006972541443029719,0.005014753341674805,0.0008438718905975361,,gini,10,"{'DT__class_weight': None, 'DT__criterion': 'gini', 'DT__max_depth': 10}",0.8342989571263036,0.8960233491426486,0.8671846096929339,0.8811086797957696,0.8717568569310601,0.8700744905377432,0.020426292636359162,121,0.9209310750837787,0.9246697607997143,0.9207032651596699,0.939729397293973,0.9296177206145052,0.9271302437903282,0.007081185401859256
0.6372863292694092,0.008189854622207867,0.00435481071472168,0.00102682387118765,,gini,11,"{'DT__class_weight': None, 'DT__criterion': 'gini', 'DT__max_depth': 11}",0.8586545729402872,0.8992360858493997,0.8705274806344522,0.8801457194899819,0.8724584103512014,0.8762044538530644,0.013418262436923152,115,0.9347029924073247,0.9347346109688245,0.924479399410135,0.9382846106575368,0.9361474752872029,0.9336698177462047,0.004777030964610322
0.6752352714538574,0.006236303615993957,0.004022550582885742,0.0006031061447798406,,gini,12,"{'DT__class_weight': None, 'DT__criterion': 'gini', 'DT__max_depth': 12}",0.8562783661119516,0.8992360858493997,0.8797953964194374,0.8872832369942196,0.8714918759231904,0.8788169922596397,0.014499799692415447,106,0.9358894337940259,0.9347346109688245,0.9405975395430579,0.9445363517631694,0.935610103166133,0.9382736078470423,0.0037396700894884007
0.7266757488250732,0.03024131514941638,0.003715991973876953,0.00026050740339326973,,gini,13,"{'DT__class_weight': None, 'DT__criterion': 'gini', 'DT__max_depth': 13}",0.8562783661119516,0.8992360858493997,0.8801169590643275,0.8940158615717376,0.8724584103512014,0.8804211365897237,0.015396036908501923,75,0.9358894337940259,0.9347346109688245,0.9323414806942969,0.9440431642154731,0.9363595905651979,0.9366736560475637,0.003938297383791012
0.7492283821105957,0.005184877339441251,0.0036981582641601564,0.0001624914815306152,,gini,14,"{'DT__class_weight': None, 'DT__criterion': 'gini', 'DT__max_depth': 14}",0.8598271326568959,0.9008354522339267,0.8846853401236813,0.893371757925072,0.8704663212435234,0.8818372008366198,0.014938751385422597,71,0.9404666844113211,0.9354867178536758,0.9442645900778721,0.9481173000173521,0.9357015985790409,0.9408073781878524,0.004896565230050397
0.7849248886108399,0.011020412403490658,0.003789520263671875,0.000328093197540366,,gini,15,"{'DT__class_weight': None, 'DT__criterion': 'gini', 'DT__max_depth': 15}",0.8553078957310164,0.9033659066232357,0.8801169590643275,0.8901734104046243,0.8702064896755162,0.879834132299744,0.016461791204152743,77,0.9424696392163814,0.9444687363358112,0.9323414806942969,0.9495281793784088,0.9373780379634556,0.9412372147176707,0.005911497714691671
0.8168310642242431,0.008021699533508909,0.0035462379455566406,0.00010457170427349919,,gini,16,"{'DT__class_weight': None, 'DT__criterion': 'gini', 'DT__max_depth': 16}",0.8587570621468927,0.9027124773960217,0.8843636363636364,0.896229802513465,0.8687916975537435,0.8821709351947519,0.01644158201429287,70,0.9424696392163814,0.94781775415977,0.937984496124031,0.9517062634989201,0.9389604620168813,0.9437877230031967,0.005247126269025768
0.8572542667388916,0.011024244750109507,0.0036777496337890626,0.00014752378413804957,,gini,17,"{'DT__class_weight': None, 'DT__criterion': 'gini', 'DT__max_depth': 17}",0.8618618618618619,0.9096797409139978,0.8830601092896175,0.8930500540151242,0.8678267308404295,0.8830956993842063,0.017261627751441973,30,0.9428849729921189,0.9485146789790051,0.9376101515685583,0.9485179407176287,0.9377549210852988,0.9430565330685219,0.004845986467448358
0.9084994792938232,0.005134193686351687,0.003668975830078125,0.00020161007749398146,,gini,18,"{'DT__class_weight': None, 'DT__criterion': 'gini', 'DT__max_depth': 18}",0.8618618618618619,0.9049512106975063,0.8830601092896175,0.896229802513465,0.8704663212435234,0.8833138611211948,0.015876450370651937,29,0.9428849729921189,0.9476987447698745,0.9376101515685583,0.9506183516388481,0.9396735273243436,0.9436971496587487,0.0048542046446444845
0.947672986984253,0.00621313289865133,0.0036404609680175783,0.00018009056859685124,,gini,19,"{'DT__class_weight': None, 'DT__criterion': 'gini', 'DT__max_depth': 19}",0.8608923884514436,0.9014492753623189,0.8830601092896175,0.8898519321054532,0.8765115426896299,0.8823530495796926,0.013535746676986735,68,0.9464490516100572,0.9479829223664722,0.9376101515685583,0.9486934629742165,0.9422958329662585,0.9446062842971126,0.004142138676275154
0.9686870098114013,0.006365465771688607,0.0036880016326904298,0.0003795251336826513,,gini,20,"{'DT__class_weight': None, 'DT__criterion': 'gini', 'DT__max_depth': 20}",0.859504132231405,0.9102656137832017,0.8830601092896175,0.8955866523143166,0.8778346744696415,0.8852502364176364,0.01706024440001078,24,0.9495465351765431,0.9527436385667302,0.9376101515685583,0.9583225917332646,0.9346225494544488,0.946569093299909,0.009034571839339053
1.0075286865234374,0.005411556154638359,0.0036646366119384766,0.00032564817222159137,,gini,21,"{'DT__class_weight': None, 'DT__criterion': 'gini', 'DT__max_depth': 21}",0.8639760837070254,0.9093525179856115,0.8830601092896175,0.8952654232424677,0.8768328445747801,0.8856973957599004,0.01554646520826404,23,0.9496529303224673,0.9484320557491288,0.9376101515685583,0.9548943510133678,0.9428772919605077,0.946693356122806,0.005934735439663348
1.0392586231231689,0.005937845193454982,0.0035950183868408204,6.0788153996101544e-05,,gini,22,"{'DT__class_weight': None, 'DT__criterion': 'gini', 'DT__max_depth': 22}",0.8543396226415094,0.9033659066232357,0.8875997099347354,0.8908108108108108,0.8751835535976505,0.8822599207215883,0.016593442847055863,69,0.9460390355912744,0.9496127404055347,0.9494122768828906,0.9551724137931036,0.943043554928584,0.9486560043202774,0.004057067858595225
1.079640769958496,0.008291127624416231,0.003704261779785156,0.00021574082904394915,,gini,23,"{'DT__class_weight': None, 'DT__criterion': 'gini', 'DT__max_depth': 23}",0.8511927300265052,0.9065319379285457,0.8875997099347354,0.8885672937771346,0.874493927125506,0.8816771197584853,0.018336901768857192,72,0.9462897526501768,0.953371468192061,0.9497780485681957,0.9497051682275408,0.9379652605459058,0.9474219396367761,0.005232053113738035
1.1161028861999511,0.010335769821364112,0.0036561965942382814,0.0002456940833894377,,gini,24,"{'DT__class_weight': None, 'DT__criterion': 'gini', 'DT__max_depth': 24}",0.8543396226415094,0.9033659066232357,0.8830601092896175,0.896229802513465,0.8768328445747801,0.8827656571285215,0.017023383293112874,31,0.9460390355912744,0.9468447237496728,0.9376101515685583,0.9506183516388481,0.9423788546255506,0.9446982234347809,0.004406209101878629
1.1480313777923583,0.005055924404485668,0.0035648345947265625,0.00012607523965662304,,gini,25,"{'DT__class_weight': None, 'DT__criterion': 'gini', 'DT__max_depth': 25}",0.8526077097505669,0.9121548942273215,0.8863058481656374,0.896229802513465,0.8742207554088743,0.884303802013173,0.02014066090174136,27,0.9460390355912744,0.9529085872576178,0.940225035161744,0.9506183516388481,0.9466830899172972,0.9472948199133564,0.004347259164384889
1.1817002296447754,0.0106210851450856,0.0036507606506347655,0.0001757185106063978,,gini,26,"{'DT__class_weight': None, 'DT__criterion': 'gini', 'DT__max_depth': 26}",0.8622754491017965,0.9093525179856115,0.8875997099347354,0.8917748917748918,0.8745414526779164,0.8851088042949904,0.015946347646317305,26,0.9480542349005106,0.9557399723374826,0.9497780485681957,0.9504332755632583,0.9467663880334359,0.9501543838805766,0.003075950222180157
1.2113611698150635,0.011514143269927501,0.004022121429443359,0.0006487296022351214,,gini,27,"{'DT__class_weight': None, 'DT__criterion': 'gini', 'DT__max_depth': 27}",0.8608923884514436,0.9102656137832017,0.8875997099347354,0.8914532996754418,0.8785114921561473,0.885744500800194,0.016169484034415656,22,0.9464490516100572,0.9565742899076233,0.9494122768828906,0.9495281793784088,0.950515824444833,0.9504959244447626,0.003329712450112766
1.2496726036071777,0.010196847856607636,0.003657960891723633,0.0002960535035965027,,gini,28,"{'DT__class_weight': None, 'DT__criterion': 'gini', 'DT__max_depth': 28}",0.8605697151424286,0.9109195402298851,0.8920967159870082,0.8936781609195402,0.876872488125685,0.8868273240809095,0.016992328395368187,19,0.9461986240959604,0.9581788393550056,0.9523313362854909,0.9549875204406576,0.9505989332867011,0.952459050692763,0.004044216376873253
1.295546579360962,0.010992802555172022,0.0038022518157958983,0.00015430942593566303,,gini,29,"{'DT__class_weight': None, 'DT__criterion': 'gini', 'DT__max_depth': 29}",0.8605697151424286,0.9121548942273215,0.8904951210697507,0.8968481375358166,0.8777981651376147,0.8875732066225863,0.017456009172376153,15,0.9461986240959604,0.9572944525925287,0.9523313362854909,0.9576059850374065,0.9432499118787451,0.9513360619780263,0.005789369849177492
1.3230652332305908,0.010788710207655268,0.004024410247802734,0.0003696144906997274,,gini,30,"{'DT__class_weight': None, 'DT__criterion': 'gini', 'DT__max_depth': 30}",0.8549848942598187,0.9096797409139978,0.8892107168718321,0.8882459312839059,0.8748623853211009,0.8833967337301312,0.018045394472652715,28,0.9462897526501768,0.9553687494583585,0.9519673412663946,0.9498918217221983,0.9531468531468531,0.9513329036487963,0.0030819170782073048
1.3602211475372314,0.008092289353388933,0.004034948348999023,0.0005437625323712207,,gini,31,"{'DT__class_weight': None, 'DT__criterion': 'gini', 'DT__max_depth': 31}",0.8563889935921598,0.9177057356608479,0.8830601092896175,0.8965270318653777,0.8721359940872135,0.8851635728990433,0.02092959311615059,25,0.9488896721889319,0.9544708423326134,0.9376101515685583,0.9573296627666896,0.9356558833985069,0.9467912424510601,0.008749018407529459
1.3957972049713134,0.008917357456608018,0.003950262069702148,0.00042828271801551027,,gini,32,"{'DT__class_weight': None, 'DT__criterion': 'gini', 'DT__max_depth': 32}",0.8546621366553417,0.9124820659971306,0.8968481375358166,0.8930500540151242,0.8820960698689956,0.8878276928144817,0.019231667704306035,14,0.9462897526501768,0.9603311486719559,0.9575422851225406,0.9485179407176287,0.9520649611455513,0.9529492176615708,0.005298221839846293
1.4393333911895752,0.008938630818296116,0.0041595458984375,0.00043367881048965543,,gini,33,"{'DT__class_weight': None, 'DT__criterion': 'gini', 'DT__max_depth': 33}",0.8526077097505669,0.9177057356608479,0.8939992813510601,0.8984263233190272,0.8807874589865111,0.8887053018136026,0.021583688422344594,3,0.9460390355912744,0.9604946753692888,0.9577902460077686,0.9569707401032702,0.9532808398950132,0.9549151073933231,0.005001581901359957
1.459552526473999,0.010506580814400097,0.004080629348754883,0.0004372569856800231,,gini,34,"{'DT__class_weight': None, 'DT__criterion': 'gini', 'DT__max_depth': 34}",0.8577878103837473,0.9121548942273215,0.8927285817134628,0.8933572710951526,0.8811341330425301,0.8874325380924429,0.017848390510880177,16,0.9460390355912744,0.9612403100775194,0.9456578717455879,0.9549875204406576,0.9515664543153854,0.951898238434085,0.0058343891020177846
1.493966770172119,0.02408998460597321,0.004075098037719727,0.00046377081010988164,,gini,35,"{'DT__class_weight': None, 'DT__criterion': 'gini', 'DT__max_depth': 35}",0.8622754491017965,0.9118279569892472,0.8971694733070585,0.8914532996754418,0.8768328445747801,0.8879118047296648,0.017030531646636364,13,0.9480542349005106,0.9604130808950085,0.9576249244843358,0.9513588367664878,0.9436222692036645,0.9522146692500014,0.006137683878698565
1.5274337768554687,0.04182178805378596,0.004168415069580078,0.00048755998071445624,,gini,36,"{'DT__class_weight': None, 'DT__criterion': 'gini', 'DT__max_depth': 36}",0.8670391061452514,0.9137128535624777,0.8924073407700611,0.8914532996754418,0.880813953488372,0.8890853107283208,0.015346723483594466,1,0.9487946507126517,0.9592557498492548,0.9481481481481481,0.9513588367664878,0.9523809523809524,0.951987667571499,0.003957584798385944
1.5530677318572998,0.054230510415367084,0.0040377616882324215,0.0008251150366351533,,gini,37,"{'DT__class_weight': None, 'DT__criterion': 'gini', 'DT__max_depth': 37}",0.8529300567107749,0.9133858267716535,0.8971694733070585,0.8914532996754418,0.8785114921561473,0.8866900297242153,0.020257331083105602,20,0.9466619569056871,0.9610456617077995,0.9474969474969475,0.9513588367664878,0.9531140657802659,0.9519354937314375,0.005142520961849104
1.575200366973877,0.07519864300183632,0.0038932323455810546,0.00035548367170553746,,gini,38,"{'DT__class_weight': None, 'DT__criterion': 'gini', 'DT__max_depth': 38}",0.8656716417910448,0.9137128535624777,0.895908111988514,0.8914532996754418,0.8785114921561473,0.8890514798347252,0.01623991172631679,2,0.949164467897977,0.957459660022435,0.9570700526906797,0.9513588367664878,0.9531140657802659,0.953633416631569,0.003220731207095082
1.5907991886138917,0.08456986359503636,0.00417017936706543,0.00047356776945793084,,gini,39,"{'DT__class_weight': None, 'DT__criterion': 'gini', 'DT__max_depth': 39}",0.8563889935921598,0.9152663568108687,0.8943206326383897,0.8914532996754418,0.8785114921561473,0.8871881549746015,0.01939753559001005,17,0.9481481481481481,0.9592557498492548,0.9574302737242035,0.9513588367664878,0.9531140657802659,0.9538614148536719,0.004032330538305712
1.6171201705932616,0.10114755713646727,0.0037899017333984375,0.0003204134951200326,,gini,40,"{'DT__class_weight': None, 'DT__criterion': 'gini', 'DT__max_depth': 40}",0.8622754491017965,0.9105924596050268,0.8927285817134628,0.8914532996754418,0.8785114921561473,0.8871122564503751,0.016078232811112536,18,0.9480542349005106,0.9593383873190904,0.9463942727431465,0.9513588367664878,0.9531140657802659,0.9516519595019002,0.004514238377771952
1.6128265857696533,0.10984830023249252,0.0040242671966552734,0.0004559590610944894,,gini,41,"{'DT__class_weight': None, 'DT__criterion': 'gini', 'DT__max_depth': 41}",0.8622754491017965,0.9121548942273215,0.8872779992750996,0.8914532996754418,0.8785114921561473,0.8863346268871614,0.016332926503358425,21,0.9480542349005106,0.9602483400879538,0.9523313362854909,0.9513588367664878,0.9531140657802659,0.9530213627641417,0.004003755325587913
1.606550359725952,0.10884836751589475,0.004019260406494141,0.00040251261901588255,,gini,42,"{'DT__class_weight': None, 'DT__criterion': 'gini', 'DT__max_depth': 42}",0.8622754491017965,0.9207815275310834,0.8872779992750996,0.8914532996754418,0.8785114921561473,0.8880599535479138,0.019177285724752198,4,0.9480542349005106,0.9597799931247852,0.9523313362854909,0.9513588367664878,0.9531140657802659,0.9529276933715082,0.0038355259580194357
1.6102534770965575,0.10318301306677695,0.003808259963989258,0.0003891992381730765,,gini,43,"{'DT__class_weight': None, 'DT__criterion': 'gini', 'DT__max_depth': 43}",0.8622754491017965,0.9207815275310834,0.8872779992750996,0.8914532996754418,0.8785114921561473,0.8880599535479138,0.019177285724752198,4,0.9480542349005106,0.9597799931247852,0.9523313362854909,0.9513588367664878,0.9531140657802659,0.9529276933715082,0.0038355259580194357
1.6089858531951904,0.10400797642487654,0.003920173645019532,5.8718890119293786e-05,,gini,44,"{'DT__class_weight': None, 'DT__criterion': 'gini', 'DT__max_depth': 44}",0.8622754491017965,0.9207815275310834,0.8872779992750996,0.8914532996754418,0.8785114921561473,0.8880599535479138,0.019177285724752198,4,0.9480542349005106,0.9597799931247852,0.9523313362854909,0.9513588367664878,0.9531140657802659,0.9529276933715082,0.0038355259580194357
1.6160740852355957,0.11065906400557646,0.0047053337097167965,0.0006392274773917049,,gini,45,"{'DT__class_weight': None, 'DT__criterion': 'gini', 'DT__max_depth': 45}",0.8622754491017965,0.9207815275310834,0.8872779992750996,0.8914532996754418,0.8785114921561473,0.8880599535479138,0.019177285724752198,4,0.9480542349005106,0.9597799931247852,0.9523313362854909,0.9513588367664878,0.9531140657802659,0.9529276933715082,0.0038355259580194357
1.6174457550048829,0.11287036858725802,0.004474115371704101,0.0006955515342937031,,gini,46,"{'DT__class_weight': None, 'DT__criterion': 'gini', 'DT__max_depth': 46}",0.8622754491017965,0.9207815275310834,0.8872779992750996,0.8914532996754418,0.8785114921561473,0.8880599535479138,0.019177285724752198,4,0.9480542349005106,0.9597799931247852,0.9523313362854909,0.9513588367664878,0.9531140657802659,0.9529276933715082,0.0038355259580194357
1.6080682277679443,0.10885031755830159,0.004046249389648438,0.0003678216690388335,,gini,47,"{'DT__class_weight': None, 'DT__criterion': 'gini', 'DT__max_depth': 47}",0.8622754491017965,0.9207815275310834,0.8872779992750996,0.8914532996754418,0.8785114921561473,0.8880599535479138,0.019177285724752198,4,0.9480542349005106,0.9597799931247852,0.9523313362854909,0.9513588367664878,0.9531140657802659,0.9529276933715082,0.0038355259580194357
1.6144877910614013,0.10824939224939717,0.004391908645629883,0.0007191434584099513,,gini,48,"{'DT__class_weight': None, 'DT__criterion': 'gini', 'DT__max_depth': 48}",0.8622754491017965,0.9207815275310834,0.8872779992750996,0.8914532996754418,0.8785114921561473,0.8880599535479138,0.019177285724752198,4,0.9480542349005106,0.9597799931247852,0.9523313362854909,0.9513588367664878,0.9531140657802659,0.9529276933715082,0.0038355259580194357
1.6155474662780762,0.10856886417999878,0.004296636581420899,0.0005716336222925761,,gini,49,"{'DT__class_weight': None, 'DT__criterion': 'gini', 'DT__max_depth': 49}",0.8622754491017965,0.9207815275310834,0.8872779992750996,0.8914532996754418,0.8785114921561473,0.8880599535479138,0.019177285724752198,4,0.9480542349005106,0.9597799931247852,0.9523313362854909,0.9513588367664878,0.9531140657802659,0.9529276933715082,0.0038355259580194357
1.6277334690093994,0.11009500422569694,0.004424428939819336,0.0006864055836917098,,gini,50,"{'DT__class_weight': None, 'DT__criterion': 'gini', 'DT__max_depth': 50}",0.8622754491017965,0.9207815275310834,0.8872779992750996,0.8914532996754418,0.8785114921561473,0.8880599535479138,0.019177285724752198,4,0.9480542349005106,0.9597799931247852,0.9523313362854909,0.9513588367664878,0.9531140657802659,0.9529276933715082,0.0038355259580194357
0.13486485481262206,0.010478391710175675,0.005059385299682617,0.0005271398573517709,,entropy,1,"{'DT__class_weight': None, 'DT__criterion': 'entropy', 'DT__max_depth': 1}",0.40064620355411956,0.4310618066561015,0.4439876670092498,0.4681724845995893,0.4924318869828456,0.4472600097603811,0.03138078085588441,199,0.4894643310484895,0.48352207660007623,0.5118648279289353,0.4840182648401827,0.47046712134860375,0.48786732435325747,0.013526966474595583
0.20240540504455568,0.009539095200415574,0.004044151306152344,0.00042441985705675596,,entropy,2,"{'DT__class_weight': None, 'DT__criterion': 'entropy', 'DT__max_depth': 2}",0.6857142857142856,0.7204757858963466,0.6946107784431137,0.7087749046206019,0.7392739273927392,0.7097699364134175,0.01894500032227509,195,0.7426090551995038,0.7410019707499224,0.7374999999999999,0.7196261682242991,0.7232020276692364,0.7327878443685923,0.009500000692728286
0.2570598602294922,0.0029366392059815925,0.004267311096191407,0.0008712613826545275,,entropy,3,"{'DT__class_weight': None, 'DT__criterion': 'entropy', 'DT__max_depth': 3}",0.7516339869281046,0.7808764940239045,0.7566693613581245,0.7671232876712328,0.8006182380216383,0.7713842736006009,0.01771714080417552,191,0.8074824629773967,0.8104701890450798,0.8030735888089844,0.797299980146913,0.8040632936120335,0.8044779029180814,0.00444075328025279
0.3161180019378662,0.006132699862069901,0.004086971282958984,0.0008669524411592516,,entropy,4,"{'DT__class_weight': None, 'DT__criterion': 'entropy', 'DT__max_depth': 4}",0.8414725770097671,0.810477657935285,0.823840060354583,0.7459593866556155,0.8445576993083364,0.8132614762527174,0.035845633300675604,183,0.8563484708063022,0.8458349038823973,0.8613558378929796,0.7779816513761468,0.8668529703416569,0.8416747668598965,0.0325905623613868
0.3682744026184082,0.005881898805867574,0.004141759872436523,0.0010389825553563513,,entropy,5,"{'DT__class_weight': None, 'DT__criterion': 'entropy', 'DT__max_depth': 5}",0.7713588283157038,0.8151658767772513,0.85,0.7822937625754526,0.7772357723577237,0.7992108480052263,0.02959367376113227,188,0.8224591607160325,0.8410098284833302,0.886244817018208,0.8186742834630157,0.8231918472345899,0.8383159873830353,0.025180963405437636
0.4232182025909424,0.006523170210354636,0.004012203216552735,0.0009485082008404737,,entropy,6,"{'DT__class_weight': None, 'DT__criterion': 'entropy', 'DT__max_depth': 6}",0.7147173068623219,0.8422676436559969,0.8308880308880309,0.8112764291307752,0.823391812865497,0.8045082446805244,0.04601407461584791,186,0.8059701492537312,0.8696146198276677,0.8752571535440434,0.8580682034673272,0.8672499049068088,0.8552320061999158,0.02524706143286534
0.4713293075561523,0.005099110835826976,0.004113912582397461,0.0009769999024646487,,entropy,7,"{'DT__class_weight': None, 'DT__criterion': 'entropy', 'DT__max_depth': 7}",0.7912797739200645,0.8713166728832524,0.8336549594751061,0.8304498269896193,0.8425890463423976,0.833858055922088,0.025705818599023458,178,0.8774875035367349,0.910031774852474,0.885981308411215,0.8858337203901533,0.8915326703225208,0.8901733955026195,0.010895330079190071
0.5264381408691406,0.005124132418726829,0.004170608520507812,0.000809456749004713,,entropy,8,"{'DT__class_weight': None, 'DT__criterion': 'entropy', 'DT__max_depth': 8}",0.8170347003154574,0.8963259367042561,0.8454788248760015,0.8250289687137891,0.8496383707651314,0.846701360274927,0.027649674422465076,174,0.9025110782865583,0.9228281376336359,0.8967813540510543,0.88880652335063,0.8972723069810448,0.9016398800605847,0.01146365787492147
0.579067611694336,0.011383207159934407,0.004572629928588867,0.0009526675274413128,,entropy,9,"{'DT__class_weight': None, 'DT__criterion': 'entropy', 'DT__max_depth': 9}",0.828125,0.8914956011730206,0.8756957328385899,0.8483018867924529,0.8475609756097561,0.8582358392827639,0.02249603704125171,170,0.9127172918572737,0.9269340974212035,0.9236311239193083,0.9128195862318185,0.9038674033149171,0.9159939005489042,0.008317204572231405
0.6362531661987305,0.010626905624137973,0.004067134857177734,0.0006743768260901043,,entropy,10,"{'DT__class_weight': None, 'DT__criterion': 'entropy', 'DT__max_depth': 10}",0.8299531981279252,0.8905162943976566,0.8723483438779307,0.8590604026845637,0.8454788248760015,0.8594714127928156,0.020961328540676057,167,0.918008918008918,0.927536231884058,0.9232432432432431,0.9222788659332797,0.9118640971778245,0.9205862712494646,0.005309338942360858
0.6719640254974365,0.004413474141495108,0.003835630416870117,0.00037065704047583176,,entropy,11,"{'DT__class_weight': None, 'DT__criterion': 'entropy', 'DT__max_depth': 11}",0.8526836695850781,0.8856088560885609,0.8756957328385899,0.863821892393321,0.8524838832006068,0.8660588068212314,0.012986542287834527,165,0.9413020277481322,0.9291987811435742,0.9255663430420711,0.9295549435906547,0.9248554913294798,0.9300955173707823,0.0059102203634718315
0.7142303466796875,0.007815204944355468,0.004127216339111328,0.0007142085420327672,,entropy,12,"{'DT__class_weight': None, 'DT__criterion': 'entropy', 'DT__max_depth': 12}",0.8437141765380207,0.9014084507042254,0.8826774549466715,0.8645447816432272,0.8469154607768469,0.8678520649217983,0.02180706485340703,159,0.9383244206773619,0.9454033110250089,0.9404677533664068,0.9319631467044649,0.9249390298979315,0.9362195323342348,0.007101919202033936
0.7563322067260743,0.007434864842051652,0.003584623336791992,9.827925007579654e-05,,entropy,13,"{'DT__class_weight': None, 'DT__criterion': 'entropy', 'DT__max_depth': 13}",0.8371023380605597,0.9092864826102546,0.885317750182615,0.863905325443787,0.850740600075959,0.8692704992746351,0.025556705712839054,124,0.9418873289497067,0.9485113835376532,0.9482470784641068,0.9378580872631116,0.918820531488897,0.939064881940695,0.01088857576677159
0.801519250869751,0.008560316506060615,0.0039765357971191405,0.0006329650994258953,,entropy,14,"{'DT__class_weight': None, 'DT__criterion': 'entropy', 'DT__max_depth': 14}",0.8377445339470655,0.9120800571837026,0.875046347793845,0.8498498498498499,0.8453292496171517,0.8640100076783229,0.027099396171832997,166,0.9400035606195477,0.9569145239749827,0.9321428571428572,0.9267595569846374,0.91127186155114,0.933418472054633,0.015045720636496755
0.8187574863433837,0.015244256473254477,0.004621744155883789,0.0008978946627463889,,entropy,15,"{'DT__class_weight': None, 'DT__criterion': 'entropy', 'DT__max_depth': 15}",0.8383877159309021,0.9133858267716535,0.8856304985337243,0.868217054263566,0.8453292496171517,0.8701900690233995,0.027340896627293037,120,0.9368468066100938,0.9563778841967786,0.9426729087536437,0.9349823321554769,0.91127186155114,0.9364303586534266,0.014643041986838252
0.851137638092041,0.04442993719308914,0.004557895660400391,0.0007336067292950708,,entropy,16,"{'DT__class_weight': None, 'DT__criterion': 'entropy', 'DT__max_depth': 16}",0.8366013071895424,0.9120800571837026,0.881057268722467,0.8597991818519896,0.8453292496171517,0.8669734129129706,0.02711224282126641,161,0.9379014989293362,0.9572768322334143,0.9499254582127511,0.9329073482428115,0.91127186155114,0.9378565998338907,0.015836970580407197
0.8740283012390136,0.05125366592033255,0.00441131591796875,0.0011489882511121093,,entropy,17,"{'DT__class_weight': None, 'DT__criterion': 'entropy', 'DT__max_depth': 17}",0.8385615914307575,0.913633119200571,0.8813808299669482,0.8614927590048272,0.8453292496171517,0.8680795098440511,0.027145252170063625,158,0.943764413695228,0.9572768322334143,0.9486166007905139,0.9316671098112205,0.91127186155114,0.9385193636163034,0.015941688297071557
0.8728645324707032,0.053052792646607616,0.004288673400878906,0.000633535258728452,,entropy,18,"{'DT__class_weight': None, 'DT__criterion': 'entropy', 'DT__max_depth': 18}",0.8385615914307575,0.913633119200571,0.8823529411764706,0.8614927590048272,0.8453292496171517,0.8682739320859556,0.027243128681671235,125,0.9438481327064668,0.9572768322334143,0.943089430894309,0.9316671098112205,0.91127186155114,0.9374306734393102,0.015392059273252726
0.8689938068389893,0.05592147480289621,0.004942798614501953,0.0012267748566295261,,entropy,19,"{'DT__class_weight': None, 'DT__criterion': 'entropy', 'DT__max_depth': 19}",0.8385615914307575,0.913633119200571,0.8823529411764706,0.8614927590048272,0.8453292496171517,0.8682739320859556,0.027243128681671235,125,0.9438481327064668,0.9572768322334143,0.943089430894309,0.9316671098112205,0.91127186155114,0.9374306734393102,0.015392059273252726
0.8680491924285889,0.05657066585898044,0.004372930526733399,0.0010461902291971149,,entropy,20,"{'DT__class_weight': None, 'DT__criterion': 'entropy', 'DT__max_depth': 20}",0.8385615914307575,0.913633119200571,0.8823529411764706,0.8614927590048272,0.8453292496171517,0.8682739320859556,0.027243128681671235,125,0.9438481327064668,0.9572768322334143,0.943089430894309,0.9316671098112205,0.91127186155114,0.9374306734393102,0.015392059273252726
0.8781387329101562,0.047972266471116125,0.0043865680694580075,0.0008899264605538241,,entropy,21,"{'DT__class_weight': None, 'DT__criterion': 'entropy', 'DT__max_depth': 21}",0.8385615914307575,0.913633119200571,0.8823529411764706,0.8614927590048272,0.8453292496171517,0.8682739320859556,0.027243128681671235,125,0.9438481327064668,0.9572768322334143,0.943089430894309,0.9316671098112205,0.91127186155114,0.9374306734393102,0.015392059273252726
0.8728642463684082,0.055183292162764186,0.004383516311645508,0.0008128935127316065,,entropy,22,"{'DT__class_weight': None, 'DT__criterion': 'entropy', 'DT__max_depth': 22}",0.8385615914307575,0.913633119200571,0.8823529411764706,0.8614927590048272,0.8453292496171517,0.8682739320859556,0.027243128681671235,125,0.9438481327064668,0.9572768322334143,0.943089430894309,0.9316671098112205,0.91127186155114,0.9374306734393102,0.015392059273252726
0.8801733970642089,0.05202088322854505,0.004343843460083008,0.0007761437659763849,,entropy,23,"{'DT__class_weight': None, 'DT__criterion': 'entropy', 'DT__max_depth': 23}",0.8385615914307575,0.913633119200571,0.8823529411764706,0.8614927590048272,0.8453292496171517,0.8682739320859556,0.027243128681671235,125,0.9438481327064668,0.9572768322334143,0.943089430894309,0.9316671098112205,0.91127186155114,0.9374306734393102,0.015392059273252726
0.8818863868713379,0.05402205240513237,0.004479026794433594,0.0007263184877253267,,entropy,24,"{'DT__class_weight': None, 'DT__criterion': 'entropy', 'DT__max_depth': 24}",0.8385615914307575,0.913633119200571,0.8823529411764706,0.8614927590048272,0.8453292496171517,0.8682739320859556,0.027243128681671235,125,0.9438481327064668,0.9572768322334143,0.943089430894309,0.9316671098112205,0.91127186155114,0.9374306734393102,0.015392059273252726
0.8823583602905274,0.051130607191803124,0.004922914505004883,0.0007881172773102111,,entropy,25,"{'DT__class_weight': None, 'DT__criterion': 'entropy', 'DT__max_depth': 25}",0.8385615914307575,0.913633119200571,0.8823529411764706,0.8614927590048272,0.8453292496171517,0.8682739320859556,0.027243128681671235,125,0.9438481327064668,0.9572768322334143,0.943089430894309,0.9316671098112205,0.91127186155114,0.9374306734393102,0.015392059273252726
0.8809686183929444,0.055286333992270696,0.005540990829467773,0.001191084269118088,,entropy,26,"{'DT__class_weight': None, 'DT__criterion': 'entropy', 'DT__max_depth': 26}",0.8385615914307575,0.913633119200571,0.8823529411764706,0.8614927590048272,0.8453292496171517,0.8682739320859556,0.027243128681671235,125,0.9438481327064668,0.9572768322334143,0.943089430894309,0.9316671098112205,0.91127186155114,0.9374306734393102,0.015392059273252726
0.8815748214721679,0.06343553845457148,0.004815435409545899,0.0004825962046810963,,entropy,27,"{'DT__class_weight': None, 'DT__criterion': 'entropy', 'DT__max_depth': 27}",0.8385615914307575,0.913633119200571,0.8823529411764706,0.8614927590048272,0.8453292496171517,0.8682739320859556,0.027243128681671235,125,0.9438481327064668,0.9572768322334143,0.943089430894309,0.9316671098112205,0.91127186155114,0.9374306734393102,0.015392059273252726
0.8757945537567139,0.057675600364128596,0.005117464065551758,0.0007196975340027304,,entropy,28,"{'DT__class_weight': None, 'DT__criterion': 'entropy', 'DT__max_depth': 28}",0.8385615914307575,0.913633119200571,0.8823529411764706,0.8614927590048272,0.8453292496171517,0.8682739320859556,0.027243128681671235,125,0.9438481327064668,0.9572768322334143,0.943089430894309,0.9316671098112205,0.91127186155114,0.9374306734393102,0.015392059273252726
0.8858038902282714,0.05849380254839547,0.005027198791503906,0.0004007661176512128,,entropy,29,"{'DT__class_weight': None, 'DT__criterion': 'entropy', 'DT__max_depth': 29}",0.8385615914307575,0.913633119200571,0.8823529411764706,0.8614927590048272,0.8453292496171517,0.8682739320859556,0.027243128681671235,125,0.9438481327064668,0.9572768322334143,0.943089430894309,0.9316671098112205,0.91127186155114,0.9374306734393102,0.015392059273252726
0.8857094764709472,0.06539198963080521,0.005765151977539062,0.000961996760106138,,entropy,30,"{'DT__class_weight': None, 'DT__criterion': 'entropy', 'DT__max_depth': 30}",0.8385615914307575,0.913633119200571,0.8823529411764706,0.8614927590048272,0.8453292496171517,0.8682739320859556,0.027243128681671235,125,0.9438481327064668,0.9572768322334143,0.943089430894309,0.9316671098112205,0.91127186155114,0.9374306734393102,0.015392059273252726
0.8939340591430665,0.05981162043639882,0.005484771728515625,0.0010505932302340094,,entropy,31,"{'DT__class_weight': None, 'DT__criterion': 'entropy', 'DT__max_depth': 31}",0.8385615914307575,0.913633119200571,0.8823529411764706,0.8614927590048272,0.8453292496171517,0.8682739320859556,0.027243128681671235,125,0.9438481327064668,0.9572768322334143,0.943089430894309,0.9316671098112205,0.91127186155114,0.9374306734393102,0.015392059273252726
0.8796815872192383,0.06196969635008845,0.0051478385925292965,0.0002424661669480771,,entropy,32,"{'DT__class_weight': None, 'DT__criterion': 'entropy', 'DT__max_depth': 32}",0.8385615914307575,0.913633119200571,0.8823529411764706,0.8614927590048272,0.8453292496171517,0.8682739320859556,0.027243128681671235,125,0.9438481327064668,0.9572768322334143,0.943089430894309,0.9316671098112205,0.91127186155114,0.9374306734393102,0.015392059273252726
0.8838152408599853,0.06482825160276183,0.005730581283569336,0.0009699333300714465,,entropy,33,"{'DT__class_weight': None, 'DT__criterion': 'entropy', 'DT__max_depth': 33}",0.8385615914307575,0.913633119200571,0.8823529411764706,0.8614927590048272,0.8453292496171517,0.8682739320859556,0.027243128681671235,125,0.9438481327064668,0.9572768322334143,0.943089430894309,0.9316671098112205,0.91127186155114,0.9374306734393102,0.015392059273252726
0.891197681427002,0.06576648073288997,0.005072736740112304,0.0007189217649011187,,entropy,34,"{'DT__class_weight': None, 'DT__criterion': 'entropy', 'DT__max_depth': 34}",0.8385615914307575,0.913633119200571,0.8823529411764706,0.8614927590048272,0.8453292496171517,0.8682739320859556,0.027243128681671235,125,0.9438481327064668,0.9572768322334143,0.943089430894309,0.9316671098112205,0.91127186155114,0.9374306734393102,0.015392059273252726
0.8834470748901367,0.05895322569641957,0.004822683334350586,0.0004105744430079946,,entropy,35,"{'DT__class_weight': None, 'DT__criterion': 'entropy', 'DT__max_depth': 35}",0.8385615914307575,0.913633119200571,0.8823529411764706,0.8614927590048272,0.8453292496171517,0.8682739320859556,0.027243128681671235,125,0.9438481327064668,0.9572768322334143,0.943089430894309,0.9316671098112205,0.91127186155114,0.9374306734393102,0.015392059273252726
0.8859282493591308,0.06044807321091204,0.0056976318359375,0.0007893216793945513,,entropy,36,"{'DT__class_weight': None, 'DT__criterion': 'entropy', 'DT__max_depth': 36}",0.8385615914307575,0.913633119200571,0.8823529411764706,0.8614927590048272,0.8453292496171517,0.8682739320859556,0.027243128681671235,125,0.9438481327064668,0.9572768322334143,0.943089430894309,0.9316671098112205,0.91127186155114,0.9374306734393102,0.015392059273252726
0.8944552421569825,0.06608806758749544,0.005415630340576172,0.0012134394978955652,,entropy,37,"{'DT__class_weight': None, 'DT__criterion': 'entropy', 'DT__max_depth': 37}",0.8385615914307575,0.913633119200571,0.8823529411764706,0.8614927590048272,0.8453292496171517,0.8682739320859556,0.027243128681671235,125,0.9438481327064668,0.9572768322334143,0.943089430894309,0.9316671098112205,0.91127186155114,0.9374306734393102,0.015392059273252726
0.8778990745544434,0.06647187831548018,0.005269145965576172,0.001335947157935409,,entropy,38,"{'DT__class_weight': None, 'DT__criterion': 'entropy', 'DT__max_depth': 38}",0.8385615914307575,0.913633119200571,0.8823529411764706,0.8614927590048272,0.8453292496171517,0.8682739320859556,0.027243128681671235,125,0.9438481327064668,0.9572768322334143,0.943089430894309,0.9316671098112205,0.91127186155114,0.9374306734393102,0.015392059273252726
0.8768421173095703,0.058053161420952334,0.005020570755004883,0.0008810833399814667,,entropy,39,"{'DT__class_weight': None, 'DT__criterion': 'entropy', 'DT__max_depth': 39}",0.8385615914307575,0.913633119200571,0.8823529411764706,0.8614927590048272,0.8453292496171517,0.8682739320859556,0.027243128681671235,125,0.9438481327064668,0.9572768322334143,0.943089430894309,0.9316671098112205,0.91127186155114,0.9374306734393102,0.015392059273252726
0.8856894493103027,0.05972463976813401,0.005466604232788086,0.0009859835157424019,,entropy,40,"{'DT__class_weight': None, 'DT__criterion': 'entropy', 'DT__max_depth': 40}",0.8385615914307575,0.913633119200571,0.8823529411764706,0.8614927590048272,0.8453292496171517,0.8682739320859556,0.027243128681671235,125,0.9438481327064668,0.9572768322334143,0.943089430894309,0.9316671098112205,0.91127186155114,0.9374306734393102,0.015392059273252726
0.8850103855133057,0.06312115608075482,0.005496692657470703,0.0011133092058286187,,entropy,41,"{'DT__class_weight': None, 'DT__criterion': 'entropy', 'DT__max_depth': 41}",0.8385615914307575,0.913633119200571,0.8823529411764706,0.8614927590048272,0.8453292496171517,0.8682739320859556,0.027243128681671235,125,0.9438481327064668,0.9572768322334143,0.943089430894309,0.9316671098112205,0.91127186155114,0.9374306734393102,0.015392059273252726
0.87431960105896,0.06134179860776128,0.005194568634033203,0.0004992471747758674,,entropy,42,"{'DT__class_weight': None, 'DT__criterion': 'entropy', 'DT__max_depth': 42}",0.8385615914307575,0.913633119200571,0.8823529411764706,0.8614927590048272,0.8453292496171517,0.8682739320859556,0.027243128681671235,125,0.9438481327064668,0.9572768322334143,0.943089430894309,0.9316671098112205,0.91127186155114,0.9374306734393102,0.015392059273252726
0.8883611679077148,0.06212229373217225,0.005590677261352539,0.0006420896784490746,,entropy,43,"{'DT__class_weight': None, 'DT__criterion': 'entropy', 'DT__max_depth': 43}",0.8385615914307575,0.913633119200571,0.8823529411764706,0.8614927590048272,0.8453292496171517,0.8682739320859556,0.027243128681671235,125,0.9438481327064668,0.9572768322334143,0.943089430894309,0.9316671098112205,0.91127186155114,0.9374306734393102,0.015392059273252726
0.8866851806640625,0.06392389422139431,0.005412864685058594,0.00041649473628365937,,entropy,44,"{'DT__class_weight': None, 'DT__criterion': 'entropy', 'DT__max_depth': 44}",0.8385615914307575,0.913633119200571,0.8823529411764706,0.8614927590048272,0.8453292496171517,0.8682739320859556,0.027243128681671235,125,0.9438481327064668,0.9572768322334143,0.943089430894309,0.9316671098112205,0.91127186155114,0.9374306734393102,0.015392059273252726
0.8868005752563477,0.06658506082335455,0.005382013320922851,0.0009544594679793221,,entropy,45,"{'DT__class_weight': None, 'DT__criterion': 'entropy', 'DT__max_depth': 45}",0.8385615914307575,0.913633119200571,0.8823529411764706,0.8614927590048272,0.8453292496171517,0.8682739320859556,0.027243128681671235,125,0.9438481327064668,0.9572768322334143,0.943089430894309,0.9316671098112205,0.91127186155114,0.9374306734393102,0.015392059273252726
0.8828520774841309,0.060372596531695986,0.004837465286254883,0.0006398697600834098,,entropy,46,"{'DT__class_weight': None, 'DT__criterion': 'entropy', 'DT__max_depth': 46}",0.8385615914307575,0.913633119200571,0.8823529411764706,0.8614927590048272,0.8453292496171517,0.8682739320859556,0.027243128681671235,125,0.9438481327064668,0.9572768322334143,0.943089430894309,0.9316671098112205,0.91127186155114,0.9374306734393102,0.015392059273252726
0.8813844203948975,0.06119866502701872,0.005289745330810547,0.0003219687471518194,,entropy,47,"{'DT__class_weight': None, 'DT__criterion': 'entropy', 'DT__max_depth': 47}",0.8385615914307575,0.913633119200571,0.8823529411764706,0.8614927590048272,0.8453292496171517,0.8682739320859556,0.027243128681671235,125,0.9438481327064668,0.9572768322334143,0.943089430894309,0.9316671098112205,0.91127186155114,0.9374306734393102,0.015392059273252726
0.8856966018676757,0.0606568101476351,0.0049761772155761715,0.0009407793947704575,,entropy,48,"{'DT__class_weight': None, 'DT__criterion': 'entropy', 'DT__max_depth': 48}",0.8385615914307575,0.913633119200571,0.8823529411764706,0.8614927590048272,0.8453292496171517,0.8682739320859556,0.027243128681671235,125,0.9438481327064668,0.9572768322334143,0.943089430894309,0.9316671098112205,0.91127186155114,0.9374306734393102,0.015392059273252726
0.8852842330932618,0.0589244379515857,0.004986572265625,0.0010299415651146432,,entropy,49,"{'DT__class_weight': None, 'DT__criterion': 'entropy', 'DT__max_depth': 49}",0.8385615914307575,0.913633119200571,0.8823529411764706,0.8614927590048272,0.8453292496171517,0.8682739320859556,0.027243128681671235,125,0.9438481327064668,0.9572768322334143,0.943089430894309,0.9316671098112205,0.91127186155114,0.9374306734393102,0.015392059273252726
0.8889635562896728,0.05797675039027395,0.004743242263793945,0.0011220944387736113,,entropy,50,"{'DT__class_weight': None, 'DT__criterion': 'entropy', 'DT__max_depth': 50}",0.8385615914307575,0.913633119200571,0.8823529411764706,0.8614927590048272,0.8453292496171517,0.8682739320859556,0.027243128681671235,125,0.9438481327064668,0.9572768322334143,0.943089430894309,0.9316671098112205,0.91127186155114,0.9374306734393102,0.015392059273252726
