mean_fit_time,std_fit_time,mean_score_time,std_score_time,param_SVM__C,param_SVM__class_weight,param_SVM__max_iter,param_SVM__tol,params,split0_test_score,split1_test_score,split2_test_score,split3_test_score,split4_test_score,mean_test_score,std_test_score,rank_test_score,split0_train_score,split1_train_score,split2_train_score,split3_train_score,split4_train_score,mean_train_score,std_train_score
0.1400308132171631,0.020040085769309348,0.01491541862487793,0.0009102320694781078,0.001,balanced,-1,1e-08,"{'SVM__C': 0.001, 'SVM__class_weight': 'balanced', 'SVM__max_iter': -1, 'SVM__tol': 1e-08}",0.0,0.0,0.0,0.0,0.0,0.0,0.0,101,0.0,0.0,0.0,0.0,0.0,0.0,0.0
0.11771340370178222,0.0054752918110859815,0.011061954498291015,0.001290897632244673,0.001,balanced,-1,0.01000001,"{'SVM__C': 0.001, 'SVM__class_weight': 'balanced', 'SVM__max_iter': -1, 'SVM__tol': 0.01000001}",0.0,0.0,0.0,0.0,0.0,0.0,0.0,101,0.0,0.0,0.0,0.0,0.0,0.0,0.0
0.10674505233764649,0.008524343552478515,0.008744144439697265,0.0021432139443484403,0.001,balanced,-1,0.020000010000000002,"{'SVM__C': 0.001, 'SVM__class_weight': 'balanced', 'SVM__max_iter': -1, 'SVM__tol': 0.020000010000000002}",0.0,0.0,0.0,0.0,0.0,0.0,0.0,101,0.0,0.0,0.0,0.0,0.0,0.0,0.0
0.11144862174987794,0.008074396609722593,0.008366632461547851,0.0012233261001711254,0.001,balanced,-1,0.03000001,"{'SVM__C': 0.001, 'SVM__class_weight': 'balanced', 'SVM__max_iter': -1, 'SVM__tol': 0.03000001}",0.0,0.0,0.0,0.0,0.0,0.0,0.0,101,0.0,0.0,0.0,0.0,0.0,0.0,0.0
0.11795754432678222,0.010200457094714708,0.008127832412719726,0.000955091586809176,0.001,balanced,-1,0.04000001,"{'SVM__C': 0.001, 'SVM__class_weight': 'balanced', 'SVM__max_iter': -1, 'SVM__tol': 0.04000001}",0.0,0.0,0.0,0.0,0.0,0.0,0.0,101,0.0,0.0,0.0,0.0,0.0,0.0,0.0
0.11215810775756836,0.004425180448124353,0.007246732711791992,0.0009603669885770021,0.001,balanced,-1,0.050000010000000004,"{'SVM__C': 0.001, 'SVM__class_weight': 'balanced', 'SVM__max_iter': -1, 'SVM__tol': 0.050000010000000004}",0.0,0.0,0.0,0.0,0.0,0.0,0.0,101,0.0,0.0,0.0,0.0,0.0,0.0,0.0
0.09956865310668946,0.003133131870308506,0.0066219806671142575,0.0007176530653044837,0.001,balanced,-1,0.06000001,"{'SVM__C': 0.001, 'SVM__class_weight': 'balanced', 'SVM__max_iter': -1, 'SVM__tol': 0.06000001}",0.0,0.0,0.0,0.0,0.0,0.0,0.0,101,0.0,0.0,0.0,0.0,0.0,0.0,0.0
0.10240325927734376,0.005924780015408518,0.007005167007446289,0.0008348712804164616,0.001,balanced,-1,0.07000001,"{'SVM__C': 0.001, 'SVM__class_weight': 'balanced', 'SVM__max_iter': -1, 'SVM__tol': 0.07000001}",0.0,0.0,0.0,0.0,0.0,0.0,0.0,101,0.0,0.0,0.0,0.0,0.0,0.0,0.0
0.10267548561096192,0.0031493354297368096,0.006807470321655273,0.000866805107593423,0.001,balanced,-1,0.08000001,"{'SVM__C': 0.001, 'SVM__class_weight': 'balanced', 'SVM__max_iter': -1, 'SVM__tol': 0.08000001}",0.0,0.0,0.0,0.0,0.0,0.0,0.0,101,0.0,0.0,0.0,0.0,0.0,0.0,0.0
0.09957571029663086,0.003951991163468887,0.007250785827636719,0.00083150287492298,0.001,balanced,-1,0.09000000999999999,"{'SVM__C': 0.001, 'SVM__class_weight': 'balanced', 'SVM__max_iter': -1, 'SVM__tol': 0.09000000999999999}",0.0,0.0,0.0,0.0,0.0,0.0,0.0,101,0.0,0.0,0.0,0.0,0.0,0.0,0.0
1.4449806690216065,0.023540086802529718,0.005103254318237304,0.00048697641396402595,0.001,balanced,109,1e-08,"{'SVM__C': 0.001, 'SVM__class_weight': 'balanced', 'SVM__max_iter': 109, 'SVM__tol': 1e-08}",0.5258693808312128,0.5345986555950968,0.5610142630744849,0.5611847233047546,0.5281749369217831,0.5421683919454664,0.015719816615942662,10,0.6209357652656622,0.5890186239505935,0.5976696367374914,0.5853658536585366,0.6136251602090111,0.601323007964259,0.013823016744761343
0.6212817192077636,0.037790509334033245,0.0047882080078125,0.00020046811453929312,0.001,balanced,109,0.01000001,"{'SVM__C': 0.001, 'SVM__class_weight': 'balanced', 'SVM__max_iter': 109, 'SVM__tol': 0.01000001}",0.5258693808312128,0.5343873517786562,0.5632911392405063,0.5611847233047546,0.5281749369217831,0.5425815064153826,0.01630311090994609,8,0.6214823622671423,0.5889049686444766,0.597435646471567,0.5854227405247813,0.6136251602090111,0.6013741756233957,0.013999051465617035
0.6240747928619385,0.03903888143065773,0.005050802230834961,0.0005535229906065388,0.001,balanced,109,0.020000010000000002,"{'SVM__C': 0.001, 'SVM__class_weight': 'balanced', 'SVM__max_iter': 109, 'SVM__tol': 0.020000010000000002}",0.5258693808312128,0.5343873517786562,0.5632911392405063,0.5611847233047546,0.5281749369217831,0.5425815064153826,0.01630311090994609,8,0.6214823622671423,0.5889049686444766,0.597435646471567,0.5854227405247813,0.6136251602090111,0.6013741756233957,0.013999051465617035
0.5346883773803711,0.09029508910248611,0.0054683685302734375,0.001027321737749741,0.001,balanced,109,0.03000001,"{'SVM__C': 0.001, 'SVM__class_weight': 'balanced', 'SVM__max_iter': 109, 'SVM__tol': 0.03000001}",0.5258693808312128,0.5343873517786562,0.5632911392405063,0.5605293888672634,0.5288421052631579,0.5425838731961594,0.01603886407463521,6,0.6214823622671423,0.5889049686444766,0.597435646471567,0.5854605454721924,0.6135017765495459,0.6013570598809848,0.013968916699105412
0.5410362243652344,0.08570247624054397,0.005196189880371094,0.0005987438316995032,0.001,balanced,109,0.04000001,"{'SVM__C': 0.001, 'SVM__class_weight': 'balanced', 'SVM__max_iter': 109, 'SVM__tol': 0.04000001}",0.5258693808312128,0.5343873517786562,0.5632911392405063,0.5605293888672634,0.5288421052631579,0.5425838731961594,0.01603886407463521,6,0.6214823622671423,0.5889049686444766,0.597435646471567,0.5854605454721924,0.6135017765495459,0.6013570598809848,0.013968916699105412
0.4650057315826416,0.07367259087761438,0.005046558380126953,0.00047531202076659686,0.001,balanced,109,0.050000010000000004,"{'SVM__C': 0.001, 'SVM__class_weight': 'balanced', 'SVM__max_iter': 109, 'SVM__tol': 0.050000010000000004}",0.5233644859813085,0.5415190869736324,0.5632911392405063,0.5605293888672634,0.5288421052631579,0.5435092412651737,0.016161099405399223,4,0.6200198216055501,0.5861768970517158,0.597435646471567,0.5854605454721924,0.6135017765495459,0.6005189374301143,0.014076892902440402
0.45746493339538574,0.06988418946476492,0.005610084533691407,0.0005366486807442987,0.001,balanced,109,0.06000001,"{'SVM__C': 0.001, 'SVM__class_weight': 'balanced', 'SVM__max_iter': 109, 'SVM__tol': 0.06000001}",0.5233644859813085,0.5415190869736324,0.5632911392405063,0.5605293888672634,0.5288421052631579,0.5435092412651737,0.016161099405399223,4,0.6200198216055501,0.5861768970517158,0.597435646471567,0.5854605454721924,0.6135017765495459,0.6005189374301143,0.014076892902440402
0.4132862091064453,0.04494024121784588,0.005816364288330078,0.0005990938979245703,0.001,balanced,109,0.07000001,"{'SVM__C': 0.001, 'SVM__class_weight': 'balanced', 'SVM__max_iter': 109, 'SVM__tol': 0.07000001}",0.5233644859813085,0.5415190869736324,0.5637371338083926,0.5605293888672634,0.5288421052631579,0.5435984401787509,0.016270894486527784,1,0.6200198216055501,0.5861768970517158,0.60078125,0.5854605454721924,0.6135017765495459,0.6011880581358009,0.013993699161331525
0.42557172775268554,0.035440566356710265,0.005135345458984375,0.00044608228031917276,0.001,balanced,109,0.08000001,"{'SVM__C': 0.001, 'SVM__class_weight': 'balanced', 'SVM__max_iter': 109, 'SVM__tol': 0.08000001}",0.5233644859813085,0.5415190869736324,0.5637371338083926,0.5605293888672634,0.5288421052631579,0.5435984401787509,0.016270894486527784,1,0.6200198216055501,0.5861768970517158,0.60078125,0.5854605454721924,0.6135017765495459,0.6011880581358009,0.013993699161331525
0.44161214828491213,0.0793437169503853,0.005257892608642578,0.00037422590297236507,0.001,balanced,109,0.09000000999999999,"{'SVM__C': 0.001, 'SVM__class_weight': 'balanced', 'SVM__max_iter': 109, 'SVM__tol': 0.09000000999999999}",0.5233644859813085,0.5415190869736324,0.5637371338083926,0.5605293888672634,0.5288421052631579,0.5435984401787509,0.016270894486527784,1,0.6200198216055501,0.5861768970517158,0.60078125,0.5854605454721924,0.6135017765495459,0.6011880581358009,0.013993699161331525
0.08584647178649903,0.007162031034059731,0.006743240356445313,0.0007701124477922378,0.251,balanced,-1,1e-08,"{'SVM__C': 0.251, 'SVM__class_weight': 'balanced', 'SVM__max_iter': -1, 'SVM__tol': 1e-08}",0.0,0.0,0.0,0.0,0.0,0.0,0.0,101,0.0,0.0,0.0,0.0,0.0,0.0,0.0
0.0888913631439209,0.0050077848232083335,0.005807685852050781,0.0004541405055356729,0.251,balanced,-1,0.01000001,"{'SVM__C': 0.251, 'SVM__class_weight': 'balanced', 'SVM__max_iter': -1, 'SVM__tol': 0.01000001}",0.0,0.0,0.0,0.0,0.0,0.0,0.0,101,0.0,0.0,0.0,0.0,0.0,0.0,0.0
0.09129886627197266,0.012881241923002315,0.007089567184448242,0.0008258273952423832,0.251,balanced,-1,0.020000010000000002,"{'SVM__C': 0.251, 'SVM__class_weight': 'balanced', 'SVM__max_iter': -1, 'SVM__tol': 0.020000010000000002}",0.0,0.0,0.0,0.0,0.0,0.0,0.0,101,0.0,0.0,0.0,0.0,0.0,0.0,0.0
0.09833207130432128,0.005459154333259507,0.006735467910766601,0.0009693977061529993,0.251,balanced,-1,0.03000001,"{'SVM__C': 0.251, 'SVM__class_weight': 'balanced', 'SVM__max_iter': -1, 'SVM__tol': 0.03000001}",0.0,0.0,0.0,0.0,0.0,0.0,0.0,101,0.0,0.0,0.0,0.0,0.0,0.0,0.0
0.10057010650634765,0.007641019966613159,0.006185674667358398,0.0004709183421005068,0.251,balanced,-1,0.04000001,"{'SVM__C': 0.251, 'SVM__class_weight': 'balanced', 'SVM__max_iter': -1, 'SVM__tol': 0.04000001}",0.0,0.0,0.0,0.0,0.0,0.0,0.0,101,0.0,0.0,0.0,0.0,0.0,0.0,0.0
0.10043277740478515,0.0033343889600391066,0.007631921768188476,0.0017292572786845853,0.251,balanced,-1,0.050000010000000004,"{'SVM__C': 0.251, 'SVM__class_weight': 'balanced', 'SVM__max_iter': -1, 'SVM__tol': 0.050000010000000004}",0.0,0.0,0.0,0.0,0.0,0.0,0.0,101,0.0,0.0,0.0,0.0,0.0,0.0,0.0
0.09481878280639648,0.005210560918074391,0.006871318817138672,0.0008147283361059549,0.251,balanced,-1,0.06000001,"{'SVM__C': 0.251, 'SVM__class_weight': 'balanced', 'SVM__max_iter': -1, 'SVM__tol': 0.06000001}",0.0,0.0,0.0,0.0,0.0,0.0,0.0,101,0.0,0.0,0.0,0.0,0.0,0.0,0.0
0.09982681274414062,0.004867218033190013,0.006770944595336914,0.0010505310735631902,0.251,balanced,-1,0.07000001,"{'SVM__C': 0.251, 'SVM__class_weight': 'balanced', 'SVM__max_iter': -1, 'SVM__tol': 0.07000001}",0.0,0.0,0.0,0.0,0.0,0.0,0.0,101,0.0,0.0,0.0,0.0,0.0,0.0,0.0
0.10261645317077636,0.003976388587489293,0.0072018146514892575,0.0010765242541511707,0.251,balanced,-1,0.08000001,"{'SVM__C': 0.251, 'SVM__class_weight': 'balanced', 'SVM__max_iter': -1, 'SVM__tol': 0.08000001}",0.0,0.0,0.0,0.0,0.0,0.0,0.0,101,0.0,0.0,0.0,0.0,0.0,0.0,0.0
0.0979771614074707,0.006901863863206261,0.007517528533935547,0.0011641924424582524,0.251,balanced,-1,0.09000000999999999,"{'SVM__C': 0.251, 'SVM__class_weight': 'balanced', 'SVM__max_iter': -1, 'SVM__tol': 0.09000000999999999}",0.0,0.0,0.0,0.0,0.0,0.0,0.0,101,0.0,0.0,0.0,0.0,0.0,0.0,0.0
8.43691520690918,0.746080839550268,0.00440058708190918,0.00013358783405682242,0.251,balanced,109,1e-08,"{'SVM__C': 0.251, 'SVM__class_weight': 'balanced', 'SVM__max_iter': 109, 'SVM__tol': 1e-08}",0.5,0.5179381443298969,0.5607779578606159,0.5376257545271631,0.5056669572798606,0.5244017627995073,0.022299411891976092,17,0.6353128736548426,0.6138147566718994,0.6080063416567578,0.6049960967993755,0.6336712383224011,0.6191602614210553,0.012845880578365705
3.6025241374969483,0.6796774312267029,0.004710102081298828,0.0006360537555941853,0.251,balanced,109,0.01000001,"{'SVM__C': 0.251, 'SVM__class_weight': 'balanced', 'SVM__max_iter': 109, 'SVM__tol': 0.01000001}",0.4973730297723292,0.5181518151815181,0.5537459283387622,0.5376257545271631,0.5058874836458787,0.5225568022931303,0.02064619770765753,27,0.6353128736548426,0.6144791053560918,0.6111221056797942,0.6064503556464971,0.6335057699960206,0.6201740420666493,0.011913258302295423
3.474571180343628,0.6398278656947477,0.004586601257324218,0.00024514135695657437,0.251,balanced,109,0.020000010000000002,"{'SVM__C': 0.251, 'SVM__class_weight': 'balanced', 'SVM__max_iter': 109, 'SVM__tol': 0.020000010000000002}",0.4943032427695005,0.5181518151815181,0.5537459283387622,0.5376257545271631,0.5058874836458787,0.5219428448925645,0.021417207604380664,29,0.6350852697716167,0.6144791053560918,0.6111221056797942,0.6064503556464971,0.6335057699960206,0.6201285212900041,0.011855620995917774
3.456499481201172,0.6135132732067323,0.004609346389770508,0.0002896876196371106,0.251,balanced,109,0.03000001,"{'SVM__C': 0.251, 'SVM__class_weight': 'balanced', 'SVM__max_iter': 109, 'SVM__tol': 0.03000001}",0.4943032427695005,0.5181518151815181,0.5537459283387622,0.5376257545271631,0.5058874836458787,0.5219428448925645,0.021417207604380664,29,0.6350852697716167,0.6144791053560918,0.6111221056797942,0.6064503556464971,0.6335057699960206,0.6201285212900041,0.011855620995917774
3.3238906383514406,0.7363380324056027,0.004623985290527344,0.0004040738617334123,0.251,balanced,109,0.04000001,"{'SVM__C': 0.251, 'SVM__class_weight': 'balanced', 'SVM__max_iter': 109, 'SVM__tol': 0.04000001}",0.4943032427695005,0.5181518151815181,0.5537459283387622,0.5429718875502009,0.5058874836458787,0.5230120714971721,0.02228916625033519,25,0.6350852697716167,0.6144791053560918,0.6111221056797942,0.6072298548182793,0.6335057699960206,0.6202844211243606,0.011678532472704365
3.1124932289123537,0.5799154999587572,0.004693937301635742,0.0007094835608472407,0.251,balanced,109,0.050000010000000004,"{'SVM__C': 0.251, 'SVM__class_weight': 'balanced', 'SVM__max_iter': 109, 'SVM__tol': 0.050000010000000004}",0.5004374453193351,0.5181518151815181,0.5537459283387622,0.5429718875502009,0.5084893339138006,0.5247592820607234,0.02035606167656989,16,0.6381539685697235,0.6144791053560918,0.6111221056797942,0.6072298548182793,0.6337342212503727,0.6209438511348523,0.012538859809033588
3.028053045272827,0.4242668322969549,0.0047637939453125,0.0006110641186967473,0.251,balanced,109,0.06000001,"{'SVM__C': 0.251, 'SVM__class_weight': 'balanced', 'SVM__max_iter': 109, 'SVM__tol': 0.06000001}",0.5004374453193351,0.5181518151815181,0.5537459283387622,0.5429718875502009,0.5147826086956522,0.5260179370170938,0.01948716486375262,11,0.6381539685697235,0.6144791053560918,0.6111221056797942,0.6072298548182793,0.6330476380306956,0.6208065344909169,0.012401038962743985
3.021842527389526,0.43919826746851875,0.004701852798461914,0.0003072196719083843,0.251,balanced,109,0.07000001,"{'SVM__C': 0.251, 'SVM__class_weight': 'balanced', 'SVM__max_iter': 109, 'SVM__tol': 0.07000001}",0.5004374453193351,0.5181518151815181,0.5537459283387622,0.5429718875502009,0.5147826086956522,0.5260179370170938,0.01948716486375262,11,0.6381539685697235,0.6144791053560918,0.6111221056797942,0.6072298548182793,0.6330476380306956,0.6208065344909169,0.012401038962743985
2.797014045715332,0.3554136498381377,0.005748128890991211,0.0017805799379573641,0.251,balanced,109,0.08000001,"{'SVM__C': 0.251, 'SVM__class_weight': 'balanced', 'SVM__max_iter': 109, 'SVM__tol': 0.08000001}",0.5004374453193351,0.5181518151815181,0.5522875816993466,0.5429718875502009,0.5104895104895104,0.5248676480479821,0.019638148107712864,15,0.6381539685697235,0.6144791053560918,0.6086611044894716,0.6072298548182793,0.6342731453709258,0.6205594357208984,0.013067913750947725
2.755204916000366,0.583231062226457,0.0049075126647949215,0.0006485167073059864,0.251,balanced,109,0.09000000999999999,"{'SVM__C': 0.251, 'SVM__class_weight': 'balanced', 'SVM__max_iter': 109, 'SVM__tol': 0.09000000999999999}",0.5004374453193351,0.5231788079470199,0.5522875816993466,0.5429718875502009,0.5104895104895104,0.5258730466010825,0.019395772446828656,13,0.6381539685697235,0.6102296245195624,0.6086611044894716,0.6072298548182793,0.6342731453709258,0.6197095395535925,0.013564474288707948
0.08048033714294434,0.006661592897910919,0.005117464065551758,0.00041148735436765603,0.501,balanced,-1,1e-08,"{'SVM__C': 0.501, 'SVM__class_weight': 'balanced', 'SVM__max_iter': -1, 'SVM__tol': 1e-08}",0.0,0.0,0.0,0.0,0.0,0.0,0.0,101,0.0,0.0,0.0,0.0,0.0,0.0,0.0
0.08338651657104493,0.00544843049020725,0.005818939208984375,0.000978831448394202,0.501,balanced,-1,0.01000001,"{'SVM__C': 0.501, 'SVM__class_weight': 'balanced', 'SVM__max_iter': -1, 'SVM__tol': 0.01000001}",0.0,0.0,0.0,0.0,0.0,0.0,0.0,101,0.0,0.0,0.0,0.0,0.0,0.0,0.0
0.08773512840270996,0.004297267828192771,0.006631326675415039,0.0006925195108177369,0.501,balanced,-1,0.020000010000000002,"{'SVM__C': 0.501, 'SVM__class_weight': 'balanced', 'SVM__max_iter': -1, 'SVM__tol': 0.020000010000000002}",0.0,0.0,0.0,0.0,0.0,0.0,0.0,101,0.0,0.0,0.0,0.0,0.0,0.0,0.0
0.09219269752502442,0.0073031927925179445,0.006264686584472656,0.0011217719056085674,0.501,balanced,-1,0.03000001,"{'SVM__C': 0.501, 'SVM__class_weight': 'balanced', 'SVM__max_iter': -1, 'SVM__tol': 0.03000001}",0.0,0.0,0.0,0.0,0.0,0.0,0.0,101,0.0,0.0,0.0,0.0,0.0,0.0,0.0
0.0935513973236084,0.005113590881911794,0.006359624862670899,0.0003684498042751071,0.501,balanced,-1,0.04000001,"{'SVM__C': 0.501, 'SVM__class_weight': 'balanced', 'SVM__max_iter': -1, 'SVM__tol': 0.04000001}",0.0,0.0,0.0,0.0,0.0,0.0,0.0,101,0.0,0.0,0.0,0.0,0.0,0.0,0.0
0.09299473762512207,0.004400902536615128,0.006475305557250977,0.0007706372955345074,0.501,balanced,-1,0.050000010000000004,"{'SVM__C': 0.501, 'SVM__class_weight': 'balanced', 'SVM__max_iter': -1, 'SVM__tol': 0.050000010000000004}",0.0,0.0,0.0,0.0,0.0,0.0,0.0,101,0.0,0.0,0.0,0.0,0.0,0.0,0.0
0.09524564743041992,0.0038283775224719576,0.006709241867065429,0.00019571952950347152,0.501,balanced,-1,0.06000001,"{'SVM__C': 0.501, 'SVM__class_weight': 'balanced', 'SVM__max_iter': -1, 'SVM__tol': 0.06000001}",0.0,0.0,0.0,0.0,0.0,0.0,0.0,101,0.0,0.0,0.0,0.0,0.0,0.0,0.0
0.09460735321044922,0.005520515596971962,0.007029533386230469,0.0007946631086705845,0.501,balanced,-1,0.07000001,"{'SVM__C': 0.501, 'SVM__class_weight': 'balanced', 'SVM__max_iter': -1, 'SVM__tol': 0.07000001}",0.0,0.0,0.0,0.0,0.0,0.0,0.0,101,0.0,0.0,0.0,0.0,0.0,0.0,0.0
0.09433178901672364,0.00467958956365633,0.006990385055541992,0.0007637546237534618,0.501,balanced,-1,0.08000001,"{'SVM__C': 0.501, 'SVM__class_weight': 'balanced', 'SVM__max_iter': -1, 'SVM__tol': 0.08000001}",0.0,0.0,0.0,0.0,0.0,0.0,0.0,101,0.0,0.0,0.0,0.0,0.0,0.0,0.0
0.09283657073974609,0.004140213768527296,0.0066569805145263675,0.0005910604907200025,0.501,balanced,-1,0.09000000999999999,"{'SVM__C': 0.501, 'SVM__class_weight': 'balanced', 'SVM__max_iter': -1, 'SVM__tol': 0.09000000999999999}",0.0,0.0,0.0,0.0,0.0,0.0,0.0,101,0.0,0.0,0.0,0.0,0.0,0.0,0.0
9.330317211151122,0.4618111418565645,0.004444313049316406,5.617384589600566e-05,0.501,balanced,109,1e-08,"{'SVM__C': 0.501, 'SVM__class_weight': 'balanced', 'SVM__max_iter': 109, 'SVM__tol': 1e-08}",0.4982578397212544,0.5119735755573905,0.5549695740365111,0.5408,0.4919319668556476,0.5195865912341606,0.024411538590464608,45,0.6346936749081522,0.6138807429130009,0.6071746219982213,0.6069555080629493,0.6320792079207922,0.6189567511606231,0.012070326455212098
4.143321752548218,0.8770588085547275,0.004589223861694336,0.00035085072814166463,0.501,balanced,109,0.01000001,"{'SVM__C': 0.501, 'SVM__class_weight': 'balanced', 'SVM__max_iter': 109, 'SVM__tol': 0.01000001}",0.49585333915320823,0.5172981878088961,0.5547445255474452,0.5418837675350702,0.492361414229594,0.5204282468548428,0.024655290721290333,39,0.635588176949018,0.6142410015649452,0.6076649545634136,0.6056954028574205,0.632016632016632,0.6190412335902858,0.012431696978161672
3.8690742015838624,0.620307167658157,0.0044632434844970705,0.0002641618208091271,0.501,balanced,109,0.020000010000000002,"{'SVM__C': 0.501, 'SVM__class_weight': 'balanced', 'SVM__max_iter': 109, 'SVM__tol': 0.020000010000000002}",0.49585333915320823,0.5172981878088961,0.5547445255474452,0.5418837675350702,0.4907975460122699,0.520115473211378,0.0250166304877568,42,0.635588176949018,0.6142410015649452,0.6083950617283951,0.6056954028574205,0.6302837864655685,0.6188406859130695,0.011953992082787624
3.822729778289795,0.5867963297081982,0.004416561126708985,0.0002182356412101425,0.501,balanced,109,0.03000001,"{'SVM__C': 0.501, 'SVM__class_weight': 'balanced', 'SVM__max_iter': 109, 'SVM__tol': 0.03000001}",0.49585333915320823,0.5172981878088961,0.5547445255474452,0.5418837675350702,0.4907975460122699,0.520115473211378,0.0250166304877568,42,0.635588176949018,0.6142410015649452,0.6083950617283951,0.6056954028574205,0.6302837864655685,0.6188406859130695,0.011953992082787624
3.5997533798217773,0.8530842666934106,0.004555606842041015,0.00027959388957492335,0.501,balanced,109,0.04000001,"{'SVM__C': 0.501, 'SVM__class_weight': 'balanced', 'SVM__max_iter': 109, 'SVM__tol': 0.04000001}",0.4947368421052632,0.5186704965121051,0.5547445255474452,0.5418837675350702,0.4907975460122699,0.5201666355424307,0.025213966547412894,41,0.6344525256550763,0.6114202049780381,0.6083950617283951,0.6056954028574205,0.6302837864655685,0.6180493963368997,0.011903919211299123
3.4444620609283447,0.9385529438658297,0.004610729217529297,0.00043244801696886174,0.501,balanced,109,0.050000010000000004,"{'SVM__C': 0.501, 'SVM__class_weight': 'balanced', 'SVM__max_iter': 109, 'SVM__tol': 0.050000010000000004}",0.4947368421052632,0.5186704965121051,0.5547445255474452,0.5450901803607214,0.4907975460122699,0.5208079181075609,0.02579229959872599,38,0.6344525256550763,0.6114202049780381,0.6083950617283951,0.6069932794389793,0.6302837864655685,0.6183089716532114,0.011642990442244268
3.311768054962158,0.9006472963457449,0.00470438003540039,0.00048175027296291527,0.501,balanced,109,0.06000001,"{'SVM__C': 0.501, 'SVM__class_weight': 'balanced', 'SVM__max_iter': 109, 'SVM__tol': 0.06000001}",0.4947368421052632,0.5186704965121051,0.5575364667747164,0.5450901803607214,0.4907975460122699,0.5213663063530152,0.02654033748261574,34,0.6344525256550763,0.6114202049780381,0.6089446144732944,0.6069932794389793,0.6302837864655685,0.6184188822021913,0.011551115149133984
3.302026653289795,0.8990591825795697,0.005002737045288086,0.0005257629297263466,0.501,balanced,109,0.07000001,"{'SVM__C': 0.501, 'SVM__class_weight': 'balanced', 'SVM__max_iter': 109, 'SVM__tol': 0.07000001}",0.4947368421052632,0.5186704965121051,0.5575364667747164,0.5450901803607214,0.4907975460122699,0.5213663063530152,0.02654033748261574,34,0.6344525256550763,0.6114202049780381,0.6089446144732944,0.6069932794389793,0.6302837864655685,0.6184188822021913,0.011551115149133984
3.0237878799438476,0.4055248384266472,0.004753541946411133,0.00021345083711969736,0.501,balanced,109,0.08000001,"{'SVM__C': 0.501, 'SVM__class_weight': 'balanced', 'SVM__max_iter': 109, 'SVM__tol': 0.08000001}",0.4947368421052632,0.5186704965121051,0.5575364667747164,0.5450901803607214,0.5083260297984225,0.5248720031102457,0.02322110128110958,14,0.6344525256550763,0.6114202049780381,0.6089446144732944,0.6069932794389793,0.6355289421157685,0.6194679133322313,0.01275630958742295
2.9495319366455077,0.7061786210460312,0.0049454689025878905,0.0011029248664350066,0.501,balanced,109,0.09000000999999999,"{'SVM__C': 0.501, 'SVM__class_weight': 'balanced', 'SVM__max_iter': 109, 'SVM__tol': 0.09000000999999999}",0.4947368421052632,0.5186704965121051,0.5579886455798865,0.5387096774193548,0.5083260297984225,0.5236863382830065,0.022367476742148628,21,0.6344525256550763,0.6114202049780381,0.6084373143196673,0.6042744217819849,0.6355289421157685,0.618822681770107,0.013399220447662613
0.0814967155456543,0.0062538660568871975,0.005882787704467774,0.0009714077433145867,0.751,balanced,-1,1e-08,"{'SVM__C': 0.751, 'SVM__class_weight': 'balanced', 'SVM__max_iter': -1, 'SVM__tol': 1e-08}",0.0,0.0,0.0,0.0,0.0,0.0,0.0,101,0.0,0.0,0.0,0.0,0.0,0.0,0.0
0.08961730003356934,0.0038266754009450956,0.006037998199462891,0.0007838402803575128,0.751,balanced,-1,0.01000001,"{'SVM__C': 0.751, 'SVM__class_weight': 'balanced', 'SVM__max_iter': -1, 'SVM__tol': 0.01000001}",0.0,0.0,0.0,0.0,0.0,0.0,0.0,101,0.0,0.0,0.0,0.0,0.0,0.0,0.0
0.08796024322509766,0.003671958033825143,0.006506824493408203,0.00116461944155873,0.751,balanced,-1,0.020000010000000002,"{'SVM__C': 0.751, 'SVM__class_weight': 'balanced', 'SVM__max_iter': -1, 'SVM__tol': 0.020000010000000002}",0.0,0.0,0.0,0.0,0.0,0.0,0.0,101,0.0,0.0,0.0,0.0,0.0,0.0,0.0
0.08805737495422364,0.004896917312578105,0.00721135139465332,0.0012103941531896381,0.751,balanced,-1,0.03000001,"{'SVM__C': 0.751, 'SVM__class_weight': 'balanced', 'SVM__max_iter': -1, 'SVM__tol': 0.03000001}",0.0,0.0,0.0,0.0,0.0,0.0,0.0,101,0.0,0.0,0.0,0.0,0.0,0.0,0.0
0.09230828285217285,0.007392588733248626,0.006545400619506836,0.0009677304408042722,0.751,balanced,-1,0.04000001,"{'SVM__C': 0.751, 'SVM__class_weight': 'balanced', 'SVM__max_iter': -1, 'SVM__tol': 0.04000001}",0.0,0.0,0.0,0.0,0.0,0.0,0.0,101,0.0,0.0,0.0,0.0,0.0,0.0,0.0
0.09514856338500977,0.004453453849541215,0.0068359375,0.0005590510912885851,0.751,balanced,-1,0.050000010000000004,"{'SVM__C': 0.751, 'SVM__class_weight': 'balanced', 'SVM__max_iter': -1, 'SVM__tol': 0.050000010000000004}",0.0,0.0,0.0,0.0,0.0,0.0,0.0,101,0.0,0.0,0.0,0.0,0.0,0.0,0.0
0.09667716026306153,0.0034020222649997515,0.007452058792114258,0.001033132287187153,0.751,balanced,-1,0.06000001,"{'SVM__C': 0.751, 'SVM__class_weight': 'balanced', 'SVM__max_iter': -1, 'SVM__tol': 0.06000001}",0.0,0.0,0.0,0.0,0.0,0.0,0.0,101,0.0,0.0,0.0,0.0,0.0,0.0,0.0
0.09326825141906739,0.005816714417966671,0.0076350212097167965,0.0005816594754145109,0.751,balanced,-1,0.07000001,"{'SVM__C': 0.751, 'SVM__class_weight': 'balanced', 'SVM__max_iter': -1, 'SVM__tol': 0.07000001}",0.0,0.0,0.0,0.0,0.0,0.0,0.0,101,0.0,0.0,0.0,0.0,0.0,0.0,0.0
0.09360456466674805,0.004647721955126669,0.0069007396697998045,0.0008743442918668244,0.751,balanced,-1,0.08000001,"{'SVM__C': 0.751, 'SVM__class_weight': 'balanced', 'SVM__max_iter': -1, 'SVM__tol': 0.08000001}",0.0,0.0,0.0,0.0,0.0,0.0,0.0,101,0.0,0.0,0.0,0.0,0.0,0.0,0.0
0.09262986183166504,0.005894745902637495,0.006285381317138672,0.0004040844629235867,0.751,balanced,-1,0.09000000999999999,"{'SVM__C': 0.751, 'SVM__class_weight': 'balanced', 'SVM__max_iter': -1, 'SVM__tol': 0.09000000999999999}",0.0,0.0,0.0,0.0,0.0,0.0,0.0,101,0.0,0.0,0.0,0.0,0.0,0.0,0.0
9.636886167526246,0.8087575558803932,0.004264450073242188,0.0002583263093113888,0.751,balanced,109,1e-08,"{'SVM__C': 0.751, 'SVM__class_weight': 'balanced', 'SVM__max_iter': 109, 'SVM__tol': 1e-08}",0.49717514124293793,0.5049833887043189,0.5561843168957155,0.5356856455493183,0.48865619546247824,0.5165369375709538,0.025394043134336956,65,0.6341656757827983,0.6118382496581363,0.6087042336918979,0.606060606060606,0.6315789473684211,0.6184695425123719,0.011929309288174417
4.674290323257447,0.6138896897063297,0.004596138000488281,0.000290316131294674,0.751,balanced,109,0.01000001,"{'SVM__C': 0.751, 'SVM__class_weight': 'balanced', 'SVM__max_iter': 109, 'SVM__tol': 0.01000001}",0.4947735191637631,0.5049833887043189,0.5536220153783894,0.5380304243394716,0.48844308765808986,0.5159704870488065,0.025424649116904202,78,0.6346439536495989,0.6123803944542081,0.607974733517568,0.6072607260726073,0.6316414366280796,0.6187802488644124,0.01189524261154408
4.229544639587402,1.0099675509146695,0.004425573348999024,0.00021021540126099826,0.751,balanced,109,0.020000010000000002,"{'SVM__C': 0.751, 'SVM__class_weight': 'balanced', 'SVM__max_iter': 109, 'SVM__tol': 0.020000010000000002}",0.4941278816876903,0.5051931865392605,0.5536220153783894,0.5421010425020047,0.48844308765808986,0.516697442753087,0.02626331480722368,64,0.6343926343926344,0.6135209066041423,0.607974733517568,0.6061783563240724,0.6316414366280796,0.6187416134932994,0.011936304349625667
3.990592050552368,0.6783069490216102,0.004356956481933594,0.00017123053047152657,0.751,balanced,109,0.03000001,"{'SVM__C': 0.751, 'SVM__class_weight': 'balanced', 'SVM__max_iter': 109, 'SVM__tol': 0.03000001}",0.4941278816876903,0.5051931865392605,0.5536220153783894,0.5421010425020047,0.4906481078729881,0.5171384467960666,0.025799594440023263,61,0.6343926343926344,0.6135209066041423,0.607974733517568,0.6061783563240724,0.6313086419753086,0.6186750545627452,0.011864901391392173
3.8676835536956786,0.6936892945522212,0.004530668258666992,0.00040087515836356475,0.751,balanced,109,0.04000001,"{'SVM__C': 0.751, 'SVM__class_weight': 'balanced', 'SVM__max_iter': 109, 'SVM__tol': 0.04000001}",0.4941278816876903,0.5051931865392605,0.5566343042071197,0.5421010425020047,0.4906481078729881,0.5177409045618127,0.026665155411825535,53,0.6343926343926344,0.6135209066041423,0.6082749086600178,0.6061783563240724,0.6313086419753086,0.6187350895912351,0.011811245221755645
3.617424726486206,0.501323156629271,0.004311132431030274,0.00018554440305735287,0.751,balanced,109,0.050000010000000004,"{'SVM__C': 0.751, 'SVM__class_weight': 'balanced', 'SVM__max_iter': 109, 'SVM__tol': 0.050000010000000004}",0.4941278816876903,0.5051931865392605,0.5575364667747164,0.5421010425020047,0.5008695652173913,0.5199656285442127,0.025107840514145666,44,0.6343926343926344,0.6135209066041423,0.6105906715314071,0.6061783563240724,0.6310351678919133,0.6191435473488338,0.011373717482078926
3.415024185180664,0.41811968400595595,0.004508590698242188,0.00022951572774951632,0.751,balanced,109,0.06000001,"{'SVM__C': 0.751, 'SVM__class_weight': 'balanced', 'SVM__max_iter': 109, 'SVM__tol': 0.06000001}",0.49144361562088634,0.5051931865392605,0.5575364667747164,0.5421010425020047,0.5047867711053089,0.5202122165084353,0.025153005329159497,40,0.6324394377429967,0.6135209066041423,0.6105906715314071,0.6061783563240724,0.6328535980148884,0.6191165940435013,0.011292515310919689
3.331705379486084,0.6125576058521397,0.0044953346252441405,0.0002681077040120817,0.751,balanced,109,0.07000001,"{'SVM__C': 0.751, 'SVM__class_weight': 'balanced', 'SVM__max_iter': 109, 'SVM__tol': 0.07000001}",0.49144361562088634,0.5135802469135802,0.5575364667747164,0.5421010425020047,0.5047867711053089,0.5218896285832992,0.024362723938801442,31,0.6324394377429967,0.6088745224801645,0.6105906715314071,0.6061783563240724,0.6328535980148884,0.6181873172187059,0.011890122330243539
3.2646352291107177,0.6122693731442934,0.004641008377075195,0.0008150021197562582,0.751,balanced,109,0.08000001,"{'SVM__C': 0.751, 'SVM__class_weight': 'balanced', 'SVM__max_iter': 109, 'SVM__tol': 0.08000001}",0.49144361562088634,0.5135802469135802,0.5575364667747164,0.5421010425020047,0.5047867711053089,0.5218896285832992,0.024362723938801442,31,0.6324394377429967,0.6088745224801645,0.6105906715314071,0.6061783563240724,0.6328535980148884,0.6181873172187059,0.011890122330243539
3.216101789474487,0.8099932132254448,0.0053040504455566405,0.001383774420196619,0.751,balanced,109,0.09000000999999999,"{'SVM__C': 0.751, 'SVM__class_weight': 'balanced', 'SVM__max_iter': 109, 'SVM__tol': 0.09000000999999999}",0.49144361562088634,0.5135802469135802,0.5575364667747164,0.5412329863891112,0.5047867711053089,0.5217160173607206,0.02422075606961369,33,0.6324394377429967,0.6088745224801645,0.6105906715314071,0.6069555080629493,0.6328535980148884,0.6183427475664812,0.011736205922854563
0.07432088851928711,0.006661054792606226,0.005608749389648437,0.0009290710461736513,1.001,balanced,-1,1e-08,"{'SVM__C': 1.001, 'SVM__class_weight': 'balanced', 'SVM__max_iter': -1, 'SVM__tol': 1e-08}",0.0,0.0,0.0,0.0,0.0,0.0,0.0,101,0.0,0.0,0.0,0.0,0.0,0.0,0.0
0.08232560157775878,0.004011580512702591,0.005343389511108398,0.00047554865794621314,1.001,balanced,-1,0.01000001,"{'SVM__C': 1.001, 'SVM__class_weight': 'balanced', 'SVM__max_iter': -1, 'SVM__tol': 0.01000001}",0.0,0.0,0.0,0.0,0.0,0.0,0.0,101,0.0,0.0,0.0,0.0,0.0,0.0,0.0
0.08203063011169434,0.0025514948568019055,0.0054051876068115234,0.00022919653080348245,1.001,balanced,-1,0.020000010000000002,"{'SVM__C': 1.001, 'SVM__class_weight': 'balanced', 'SVM__max_iter': -1, 'SVM__tol': 0.020000010000000002}",0.0,0.0,0.0,0.0,0.0,0.0,0.0,101,0.0,0.0,0.0,0.0,0.0,0.0,0.0
0.08738322257995605,0.0025172313629358407,0.006017255783081055,0.00042505400154387886,1.001,balanced,-1,0.03000001,"{'SVM__C': 1.001, 'SVM__class_weight': 'balanced', 'SVM__max_iter': -1, 'SVM__tol': 0.03000001}",0.0,0.0,0.0,0.0,0.0,0.0,0.0,101,0.0,0.0,0.0,0.0,0.0,0.0,0.0
0.09689459800720215,0.007040333412592303,0.006573820114135742,0.0006829445593674391,1.001,balanced,-1,0.04000001,"{'SVM__C': 1.001, 'SVM__class_weight': 'balanced', 'SVM__max_iter': -1, 'SVM__tol': 0.04000001}",0.0,0.0,0.0,0.0,0.0,0.0,0.0,101,0.0,0.0,0.0,0.0,0.0,0.0,0.0
0.0936732292175293,0.004885860942977797,0.007467126846313477,0.0008858746842437289,1.001,balanced,-1,0.050000010000000004,"{'SVM__C': 1.001, 'SVM__class_weight': 'balanced', 'SVM__max_iter': -1, 'SVM__tol': 0.050000010000000004}",0.0,0.0,0.0,0.0,0.0,0.0,0.0,101,0.0,0.0,0.0,0.0,0.0,0.0,0.0
0.09662275314331055,0.004792687448146457,0.007034587860107422,0.0007915307151865879,1.001,balanced,-1,0.06000001,"{'SVM__C': 1.001, 'SVM__class_weight': 'balanced', 'SVM__max_iter': -1, 'SVM__tol': 0.06000001}",0.0,0.0,0.0,0.0,0.0,0.0,0.0,101,0.0,0.0,0.0,0.0,0.0,0.0,0.0
0.09201545715332031,0.00405456389870113,0.006758737564086914,0.00023149181433680855,1.001,balanced,-1,0.07000001,"{'SVM__C': 1.001, 'SVM__class_weight': 'balanced', 'SVM__max_iter': -1, 'SVM__tol': 0.07000001}",0.0,0.0,0.0,0.0,0.0,0.0,0.0,101,0.0,0.0,0.0,0.0,0.0,0.0,0.0
0.09349937438964843,0.0037191700791014987,0.006667232513427735,0.0008802678005064085,1.001,balanced,-1,0.08000001,"{'SVM__C': 1.001, 'SVM__class_weight': 'balanced', 'SVM__max_iter': -1, 'SVM__tol': 0.08000001}",0.0,0.0,0.0,0.0,0.0,0.0,0.0,101,0.0,0.0,0.0,0.0,0.0,0.0,0.0
0.09491581916809082,0.003750474170785077,0.0067746639251708984,0.0007861694210703238,1.001,balanced,-1,0.09000000999999999,"{'SVM__C': 1.001, 'SVM__class_weight': 'balanced', 'SVM__max_iter': -1, 'SVM__tol': 0.09000000999999999}",0.0,0.0,0.0,0.0,0.0,0.0,0.0,101,0.0,0.0,0.0,0.0,0.0,0.0,0.0
10.038744068145752,0.6272554410234915,0.004473972320556641,9.15099332022679e-05,1.001,balanced,109,1e-08,"{'SVM__C': 1.001, 'SVM__class_weight': 'balanced', 'SVM__max_iter': 109, 'SVM__tol': 1e-08}",0.49717514124293793,0.5095119933829612,0.5540704738760632,0.5356856455493183,0.48622649759510284,0.5165339503292767,0.024973550366782966,66,0.6331220285261491,0.6120218579234974,0.6072450893297799,0.6053423992229238,0.6327014218009479,0.6180865593606597,0.012299522191886713
4.489000415802002,0.6094514929272594,0.004670333862304687,0.00047910573618195596,1.001,balanced,109,0.01000001,"{'SVM__C': 1.001, 'SVM__class_weight': 'balanced', 'SVM__max_iter': 109, 'SVM__tol': 0.01000001}",0.4965277777777778,0.5095119933829612,0.551500405515004,0.536115569823435,0.49150326797385624,0.5170318028946068,0.023155748327703264,62,0.6334125098970705,0.6119621426480633,0.606264203141982,0.6057664304436462,0.631745404230085,0.6178301380721695,0.012248936335766063
4.119619417190552,0.74226613413703,0.004437732696533203,0.00018794967118243553,1.001,balanced,109,0.020000010000000002,"{'SVM__C': 1.001, 'SVM__class_weight': 'balanced', 'SVM__max_iter': 109, 'SVM__tol': 0.020000010000000002}",0.4965277777777778,0.5064129085643361,0.551500405515004,0.536115569823435,0.49150326797385624,0.5164119859308818,0.023389039823999085,70,0.6334125098970705,0.6141256697515829,0.606264203141982,0.6057664304436462,0.631745404230085,0.6182628434928733,0.01207092168911402
3.9985514163970945,0.7420766946168916,0.004568147659301758,0.00016886381260358254,1.001,balanced,109,0.03000001,"{'SVM__C': 1.001, 'SVM__class_weight': 'balanced', 'SVM__max_iter': 109, 'SVM__tol': 0.03000001}",0.4965277777777778,0.5064129085643361,0.5576148267526189,0.536115569823435,0.49150326797385624,0.5176348701784048,0.025275425190880045,56,0.6334125098970705,0.6141256697515829,0.6065864720962335,0.6057664304436462,0.631745404230085,0.6183272972837236,0.012007374895372205
3.900829219818115,0.5644317178265675,0.0049517154693603516,0.0006496357413389328,1.001,balanced,109,0.04000001,"{'SVM__C': 1.001, 'SVM__class_weight': 'balanced', 'SVM__max_iter': 109, 'SVM__tol': 0.04000001}",0.4965277777777778,0.5064129085643361,0.5576148267526189,0.536115569823435,0.4912891986062718,0.5175920563048879,0.025319795435863893,58,0.6334125098970705,0.6141256697515829,0.6065864720962335,0.6057664304436462,0.6318078481763368,0.618339786072974,0.01202134882519539
3.747504711151123,0.6215605929579056,0.004449176788330078,0.00028116408571920217,1.001,balanced,109,0.050000010000000004,"{'SVM__C': 1.001, 'SVM__class_weight': 'balanced', 'SVM__max_iter': 109, 'SVM__tol': 0.050000010000000004}",0.4965277777777778,0.5064129085643361,0.5598705501618123,0.536115569823435,0.4912891986062718,0.5180432009867266,0.02603878428593947,52,0.6334125098970705,0.6141256697515829,0.6111330438215554,0.6057664304436462,0.6318078481763368,0.6192491004180384,0.011244790966816345
3.357791614532471,0.6543290467433919,0.004272365570068359,0.00012664013933322532,1.001,balanced,109,0.06000001,"{'SVM__C': 1.001, 'SVM__class_weight': 'balanced', 'SVM__max_iter': 109, 'SVM__tol': 0.06000001}",0.4965277777777778,0.5064129085643361,0.5598705501618123,0.5365461847389558,0.5104166666666666,0.5219548175819098,0.02311590356545372,28,0.6334125098970705,0.6141256697515829,0.6111330438215554,0.6058131622436085,0.631620868180008,0.619221050778765,0.0111919901966891
3.090779209136963,0.4600779160699642,0.00443720817565918,0.00043613461739924807,1.001,balanced,109,0.07000001,"{'SVM__C': 1.001, 'SVM__class_weight': 'balanced', 'SVM__max_iter': 109, 'SVM__tol': 0.07000001}",0.5036908380373426,0.5064129085643361,0.5598705501618123,0.5365461847389558,0.5104166666666666,0.5233874296338227,0.021672571132119074,22,0.6341511870467866,0.6141256697515829,0.6111330438215554,0.6058131622436085,0.631620868180008,0.6193687862087083,0.011381612812802757
3.1552424907684324,0.5496395991011761,0.004646682739257812,0.0003939378169920541,1.001,balanced,109,0.08000001,"{'SVM__C': 1.001, 'SVM__class_weight': 'balanced', 'SVM__max_iter': 109, 'SVM__tol': 0.08000001}",0.5036908380373426,0.5064129085643361,0.5598705501618123,0.5365461847389558,0.5104166666666666,0.5233874296338227,0.021672571132119074,22,0.6341511870467866,0.6141256697515829,0.6111330438215554,0.6058131622436085,0.631620868180008,0.6193687862087083,0.011381612812802757
3.2461309909820555,0.6928625478215021,0.00494227409362793,0.0006998711110390704,1.001,balanced,109,0.09000000999999999,"{'SVM__C': 1.001, 'SVM__class_weight': 'balanced', 'SVM__max_iter': 109, 'SVM__tol': 0.09000000999999999}",0.5036908380373426,0.5064129085643361,0.5598705501618123,0.5365461847389558,0.5104166666666666,0.5233874296338227,0.021672571132119074,22,0.6341511870467866,0.6141256697515829,0.6111330438215554,0.6058131622436085,0.631620868180008,0.6193687862087083,0.011381612812802757
0.07411065101623535,0.00456453400598509,0.0050374031066894535,0.0008052969389838809,1.251,balanced,-1,1e-08,"{'SVM__C': 1.251, 'SVM__class_weight': 'balanced', 'SVM__max_iter': -1, 'SVM__tol': 1e-08}",0.0,0.0,0.0,0.0,0.0,0.0,0.0,101,0.0,0.0,0.0,0.0,0.0,0.0,0.0
0.08401613235473633,0.008192736987857455,0.0060345172882080075,0.0005341938304897643,1.251,balanced,-1,0.01000001,"{'SVM__C': 1.251, 'SVM__class_weight': 'balanced', 'SVM__max_iter': -1, 'SVM__tol': 0.01000001}",0.0,0.0,0.0,0.0,0.0,0.0,0.0,101,0.0,0.0,0.0,0.0,0.0,0.0,0.0
0.08743205070495605,0.0031849186545437904,0.006075620651245117,0.00045718568830852176,1.251,balanced,-1,0.020000010000000002,"{'SVM__C': 1.251, 'SVM__class_weight': 'balanced', 'SVM__max_iter': -1, 'SVM__tol': 0.020000010000000002}",0.0,0.0,0.0,0.0,0.0,0.0,0.0,101,0.0,0.0,0.0,0.0,0.0,0.0,0.0
0.09044547080993652,0.004044466903566559,0.006773042678833008,0.0005968834036235519,1.251,balanced,-1,0.03000001,"{'SVM__C': 1.251, 'SVM__class_weight': 'balanced', 'SVM__max_iter': -1, 'SVM__tol': 0.03000001}",0.0,0.0,0.0,0.0,0.0,0.0,0.0,101,0.0,0.0,0.0,0.0,0.0,0.0,0.0
0.09454283714294434,0.005638504512625673,0.005873584747314453,0.0005519265303220337,1.251,balanced,-1,0.04000001,"{'SVM__C': 1.251, 'SVM__class_weight': 'balanced', 'SVM__max_iter': -1, 'SVM__tol': 0.04000001}",0.0,0.0,0.0,0.0,0.0,0.0,0.0,101,0.0,0.0,0.0,0.0,0.0,0.0,0.0
0.0948019027709961,0.004595801055302265,0.006423139572143554,0.0003893009823877671,1.251,balanced,-1,0.050000010000000004,"{'SVM__C': 1.251, 'SVM__class_weight': 'balanced', 'SVM__max_iter': -1, 'SVM__tol': 0.050000010000000004}",0.0,0.0,0.0,0.0,0.0,0.0,0.0,101,0.0,0.0,0.0,0.0,0.0,0.0,0.0
0.09495763778686524,0.004943562287097789,0.007471609115600586,0.0006778346019620676,1.251,balanced,-1,0.06000001,"{'SVM__C': 1.251, 'SVM__class_weight': 'balanced', 'SVM__max_iter': -1, 'SVM__tol': 0.06000001}",0.0,0.0,0.0,0.0,0.0,0.0,0.0,101,0.0,0.0,0.0,0.0,0.0,0.0,0.0
0.09227876663208008,0.005324191129594319,0.006034946441650391,0.0009048045023743438,1.251,balanced,-1,0.07000001,"{'SVM__C': 1.251, 'SVM__class_weight': 'balanced', 'SVM__max_iter': -1, 'SVM__tol': 0.07000001}",0.0,0.0,0.0,0.0,0.0,0.0,0.0,101,0.0,0.0,0.0,0.0,0.0,0.0,0.0
0.09403042793273926,0.00557842549737324,0.006858921051025391,0.0010510680677399177,1.251,balanced,-1,0.08000001,"{'SVM__C': 1.251, 'SVM__class_weight': 'balanced', 'SVM__max_iter': -1, 'SVM__tol': 0.08000001}",0.0,0.0,0.0,0.0,0.0,0.0,0.0,101,0.0,0.0,0.0,0.0,0.0,0.0,0.0
0.09575629234313965,0.004942445405289509,0.0060729503631591795,0.0008158618897760317,1.251,balanced,-1,0.09000000999999999,"{'SVM__C': 1.251, 'SVM__class_weight': 'balanced', 'SVM__max_iter': -1, 'SVM__tol': 0.09000000999999999}",0.0,0.0,0.0,0.0,0.0,0.0,0.0,101,0.0,0.0,0.0,0.0,0.0,0.0,0.0
10.082391405105591,0.6565568754410102,0.004439640045166016,0.00021540964381473764,1.251,balanced,109,1e-08,"{'SVM__C': 1.251, 'SVM__class_weight': 'balanced', 'SVM__max_iter': 109, 'SVM__tol': 1e-08}",0.49434290687554394,0.5064129085643361,0.5538461538461539,0.5359005214600883,0.48336252189141865,0.5147730025275081,0.026256357262301046,90,0.6322043969102793,0.6120815848541037,0.6077947705969412,0.6050485436893204,0.6311216429699842,0.6176501878041257,0.011664005560100265
4.678483486175537,0.5932616259207217,0.004352140426635742,0.00012693252892157807,1.251,balanced,109,0.01000001,"{'SVM__C': 1.251, 'SVM__class_weight': 'balanced', 'SVM__max_iter': 109, 'SVM__tol': 0.01000001}",0.4939130434782609,0.5066225165562914,0.555959595959596,0.5359005214600883,0.48580166011358666,0.5156394675135647,0.026381283976691813,85,0.6329339538568175,0.6126231587162229,0.6070054267390231,0.6040229326596055,0.6307677107005236,0.6174706365344387,0.012081272786890493
4.232292747497558,0.9847308007703017,0.004571008682250977,0.0002435465752850733,1.251,balanced,109,0.020000010000000002,"{'SVM__C': 1.251, 'SVM__class_weight': 'balanced', 'SVM__max_iter': 109, 'SVM__tol': 0.020000010000000002}",0.4939130434782609,0.509090909090909,0.555959595959596,0.536115569823435,0.48580166011358666,0.5161761556931576,0.02626312708689926,72,0.6329339538568175,0.6140060387649752,0.6070054267390231,0.6060723639538268,0.6307677107005236,0.6181570988030332,0.011532691648943763
3.983056735992432,0.6791792483960041,0.004421663284301758,0.0001130520868497405,1.251,balanced,109,0.03000001,"{'SVM__C': 1.251, 'SVM__class_weight': 'balanced', 'SVM__max_iter': 109, 'SVM__tol': 0.03000001}",0.4939130434782609,0.509090909090909,0.555959595959596,0.536115569823435,0.48357424441524316,0.5157306725534888,0.02678821226970584,82,0.6329339538568175,0.6140060387649752,0.6070054267390231,0.6060723639538268,0.6299337224255613,0.6179903011480408,0.011353740419589415
4.050539255142212,0.7135734770113654,0.004443931579589844,7.127629391912383e-05,1.251,balanced,109,0.04000001,"{'SVM__C': 1.251, 'SVM__class_weight': 'balanced', 'SVM__max_iter': 109, 'SVM__tol': 0.04000001}",0.4939130434782609,0.509090909090909,0.555959595959596,0.536115569823435,0.48357424441524316,0.5157306725534888,0.02678821226970584,82,0.6329339538568175,0.6140060387649752,0.6070054267390231,0.6060723639538268,0.6299337224255613,0.6179903011480408,0.011353740419589415
3.5445624351501466,0.5480845838344798,0.004908418655395508,0.0007237491910290904,1.251,balanced,109,0.050000010000000004,"{'SVM__C': 1.251, 'SVM__class_weight': 'balanced', 'SVM__max_iter': 109, 'SVM__tol': 0.050000010000000004}",0.5036908380373426,0.509090909090909,0.5531742822482815,0.536115569823435,0.5028175119202428,0.5209778222240422,0.020177704710454544,36,0.6349583828775268,0.6140060387649752,0.6067548884060833,0.6060723639538268,0.631891517371078,0.6187366382746979,0.012349255748501584
3.591298007965088,0.5590592660562665,0.004532623291015625,0.00011712768839430112,1.251,balanced,109,0.06000001,"{'SVM__C': 1.251, 'SVM__class_weight': 'balanced', 'SVM__max_iter': 109, 'SVM__tol': 0.06000001}",0.5036908380373426,0.509090909090909,0.5531742822482815,0.536115569823435,0.5028175119202428,0.5209778222240422,0.020177704710454544,36,0.6349583828775268,0.6140060387649752,0.6067548884060833,0.6060723639538268,0.631891517371078,0.6187366382746979,0.012349255748501584
3.3039762496948244,0.32317681229394485,0.004442548751831055,0.00018539319558077389,1.251,balanced,109,0.07000001,"{'SVM__C': 1.251, 'SVM__class_weight': 'balanced', 'SVM__max_iter': 109, 'SVM__tol': 0.07000001}",0.5036908380373426,0.509090909090909,0.5621970920840065,0.536115569823435,0.5091543156059285,0.5240497449283243,0.022185264927516622,18,0.6349583828775268,0.6140060387649752,0.61101243339254,0.6060723639538268,0.6293482606957218,0.6190794959369181,0.011113860970340483
3.293329858779907,0.2786448303945381,0.004776763916015625,0.0005683770194291998,1.251,balanced,109,0.08000001,"{'SVM__C': 1.251, 'SVM__class_weight': 'balanced', 'SVM__max_iter': 109, 'SVM__tol': 0.08000001}",0.5036908380373426,0.509090909090909,0.5621970920840065,0.536115569823435,0.5091543156059285,0.5240497449283243,0.022185264927516622,18,0.6349583828775268,0.6140060387649752,0.61101243339254,0.6060723639538268,0.6293482606957218,0.6190794959369181,0.011113860970340483
3.5389787673950197,0.5380129017191198,0.005498504638671875,0.002032164898670845,1.251,balanced,109,0.09000000999999999,"{'SVM__C': 1.251, 'SVM__class_weight': 'balanced', 'SVM__max_iter': 109, 'SVM__tol': 0.09000000999999999}",0.5036908380373426,0.509090909090909,0.5621970920840065,0.536115569823435,0.5091543156059285,0.5240497449283243,0.022185264927516622,18,0.6349583828775268,0.6140060387649752,0.61101243339254,0.6060723639538268,0.6293482606957218,0.6190794959369181,0.011113860970340483
0.07700114250183106,0.0053143918890187205,0.005051422119140625,0.0007747703998844317,1.501,balanced,-1,1e-08,"{'SVM__C': 1.501, 'SVM__class_weight': 'balanced', 'SVM__max_iter': -1, 'SVM__tol': 1e-08}",0.0,0.0,0.0,0.0,0.0,0.0,0.0,101,0.0,0.0,0.0,0.0,0.0,0.0,0.0
0.08362784385681152,0.003223310504723182,0.005710983276367187,0.00043950483623048645,1.501,balanced,-1,0.01000001,"{'SVM__C': 1.501, 'SVM__class_weight': 'balanced', 'SVM__max_iter': -1, 'SVM__tol': 0.01000001}",0.0,0.0,0.0,0.0,0.0,0.0,0.0,101,0.0,0.0,0.0,0.0,0.0,0.0,0.0
0.08628268241882324,0.003032948559670002,0.00603790283203125,0.0009505806741664348,1.501,balanced,-1,0.020000010000000002,"{'SVM__C': 1.501, 'SVM__class_weight': 'balanced', 'SVM__max_iter': -1, 'SVM__tol': 0.020000010000000002}",0.0,0.0,0.0,0.0,0.0,0.0,0.0,101,0.0,0.0,0.0,0.0,0.0,0.0,0.0
0.08836140632629394,0.003964151779612761,0.006763887405395508,0.0010931563912739664,1.501,balanced,-1,0.03000001,"{'SVM__C': 1.501, 'SVM__class_weight': 'balanced', 'SVM__max_iter': -1, 'SVM__tol': 0.03000001}",0.0,0.0,0.0,0.0,0.0,0.0,0.0,101,0.0,0.0,0.0,0.0,0.0,0.0,0.0
0.08964400291442871,0.005932032952729275,0.006312179565429688,0.0008150746108831523,1.501,balanced,-1,0.04000001,"{'SVM__C': 1.501, 'SVM__class_weight': 'balanced', 'SVM__max_iter': -1, 'SVM__tol': 0.04000001}",0.0,0.0,0.0,0.0,0.0,0.0,0.0,101,0.0,0.0,0.0,0.0,0.0,0.0,0.0
0.08910369873046875,0.0026246216211761675,0.005959320068359375,0.0013514432680710555,1.501,balanced,-1,0.050000010000000004,"{'SVM__C': 1.501, 'SVM__class_weight': 'balanced', 'SVM__max_iter': -1, 'SVM__tol': 0.050000010000000004}",0.0,0.0,0.0,0.0,0.0,0.0,0.0,101,0.0,0.0,0.0,0.0,0.0,0.0,0.0
0.08792724609375,0.005687315458478175,0.005633068084716797,0.00047508105680920694,1.501,balanced,-1,0.06000001,"{'SVM__C': 1.501, 'SVM__class_weight': 'balanced', 'SVM__max_iter': -1, 'SVM__tol': 0.06000001}",0.0,0.0,0.0,0.0,0.0,0.0,0.0,101,0.0,0.0,0.0,0.0,0.0,0.0,0.0
0.08674125671386719,0.012702950487441803,0.006305265426635742,0.0006797071152865494,1.501,balanced,-1,0.07000001,"{'SVM__C': 1.501, 'SVM__class_weight': 'balanced', 'SVM__max_iter': -1, 'SVM__tol': 0.07000001}",0.0,0.0,0.0,0.0,0.0,0.0,0.0,101,0.0,0.0,0.0,0.0,0.0,0.0,0.0
0.10033903121948243,0.004145304302069794,0.007405900955200195,0.0010487897591949771,1.501,balanced,-1,0.08000001,"{'SVM__C': 1.501, 'SVM__class_weight': 'balanced', 'SVM__max_iter': -1, 'SVM__tol': 0.08000001}",0.0,0.0,0.0,0.0,0.0,0.0,0.0,101,0.0,0.0,0.0,0.0,0.0,0.0,0.0
0.09979519844055176,0.004894135045592373,0.006850624084472656,0.0008704344438815318,1.501,balanced,-1,0.09000000999999999,"{'SVM__C': 1.501, 'SVM__class_weight': 'balanced', 'SVM__max_iter': -1, 'SVM__tol': 0.09000000999999999}",0.0,0.0,0.0,0.0,0.0,0.0,0.0,101,0.0,0.0,0.0,0.0,0.0,0.0,0.0
9.889521741867066,0.530351734669846,0.004991054534912109,0.000719476311447645,1.501,balanced,109,1e-08,"{'SVM__C': 1.501, 'SVM__class_weight': 'balanced', 'SVM__max_iter': 109, 'SVM__tol': 1e-08}",0.4941278816876903,0.5059942124844977,0.5536220153783894,0.5359005214600883,0.48580166011358666,0.5150892582248504,0.025681684593416326,87,0.6322043969102793,0.6113008685468918,0.6066462873483878,0.6040372670807453,0.6290179012956186,0.6166413442363846,0.01168479676246498
4.692547273635864,0.5738813435060116,0.005317831039428711,0.0005995133586514945,1.501,balanced,109,0.01000001,"{'SVM__C': 1.501, 'SVM__class_weight': 'balanced', 'SVM__max_iter': 109, 'SVM__tol': 0.01000001}",0.4967433782023448,0.5062034739454094,0.5540704738760632,0.5359005214600883,0.48844308765808986,0.5162721870283992,0.024783842035710373,71,0.6326833613778086,0.6119024390243903,0.606885666370721,0.6043305175259734,0.6304562512344459,0.6172516471066678,0.011962629718285865
4.137216567993164,0.8779501614865555,0.004410266876220703,0.000167253309692045,1.501,balanced,109,0.020000010000000002,"{'SVM__C': 1.501, 'SVM__class_weight': 'balanced', 'SVM__max_iter': 109, 'SVM__tol': 0.020000010000000002}",0.4967433782023448,0.5016611295681063,0.5540704738760632,0.5339766787293928,0.48844308765808986,0.5149789496067995,0.02491229955624661,89,0.6326833613778086,0.613167121153097,0.606885666370721,0.6043305175259734,0.6304562512344459,0.6175045835324092,0.011859780688230601
3.985697889328003,0.861184519498717,0.004437494277954102,0.0002742998199004873,1.501,balanced,109,0.03000001,"{'SVM__C': 1.501, 'SVM__class_weight': 'balanced', 'SVM__max_iter': 109, 'SVM__tol': 0.03000001}",0.4967433782023448,0.5016611295681063,0.5529506871463218,0.5339766787293928,0.48844308765808986,0.5147549922608512,0.02456244345952876,91,0.6326833613778086,0.613167121153097,0.6057853687432125,0.6043305175259734,0.6304562512344459,0.6172845240069076,0.012063237148289411
3.6300220489501953,0.4923164225280645,0.0047627449035644535,0.0003837418422230409,1.501,balanced,109,0.04000001,"{'SVM__C': 1.501, 'SVM__class_weight': 'balanced', 'SVM__max_iter': 109, 'SVM__tol': 0.04000001}",0.5021645021645021,0.5016611295681063,0.5529506871463218,0.5339766787293928,0.48929663608562696,0.51600992673879,0.023658434504364743,76,0.6321007237037771,0.613167121153097,0.6057853687432125,0.6043305175259734,0.631349638578077,0.6173466739408274,0.012118727410363062
3.625074529647827,0.47019967515150896,0.004501485824584961,0.00026180585999337143,1.501,balanced,109,0.050000010000000004,"{'SVM__C': 1.501, 'SVM__class_weight': 'balanced', 'SVM__max_iter': 109, 'SVM__tol': 0.050000010000000004}",0.5021645021645021,0.5016611295681063,0.5529506871463218,0.5339766787293928,0.48929663608562696,0.51600992673879,0.023658434504364743,76,0.6321007237037771,0.613167121153097,0.6057853687432125,0.6043305175259734,0.631349638578077,0.6173466739408274,0.012118727410363062
3.422245216369629,0.36062060909751786,0.0044535636901855465,0.0001715393162265701,1.501,balanced,109,0.06000001,"{'SVM__C': 1.501, 'SVM__class_weight': 'balanced', 'SVM__max_iter': 109, 'SVM__tol': 0.06000001}",0.4991273996509599,0.5016611295681063,0.5529506871463218,0.5339766787293928,0.49890972525076316,0.5173251240691088,0.02219053775165425,59,0.6347436535589845,0.613167121153097,0.6057853687432125,0.6043305175259734,0.6258096661684105,0.6167672654299355,0.01177413549573813
3.458626651763916,0.4142069683319061,0.004583406448364258,0.00019360213434068156,1.501,balanced,109,0.07000001,"{'SVM__C': 1.501, 'SVM__class_weight': 'balanced', 'SVM__max_iter': 109, 'SVM__tol': 0.07000001}",0.4991273996509599,0.5016611295681063,0.5529506871463218,0.5339766787293928,0.49890972525076316,0.5173251240691088,0.02219053775165425,59,0.6347436535589845,0.613167121153097,0.6057853687432125,0.6043305175259734,0.6258096661684105,0.6167672654299355,0.01177413549573813
3.0878454208374024,0.5815513367130078,0.005109214782714843,0.0012116568953798,1.501,balanced,109,0.08000001,"{'SVM__C': 1.501, 'SVM__class_weight': 'balanced', 'SVM__max_iter': 109, 'SVM__tol': 0.08000001}",0.4991273996509599,0.5016611295681063,0.5547445255474452,0.5404101326899878,0.49890972525076316,0.5189705825414525,0.023812754454144963,48,0.6347436535589845,0.613167121153097,0.61198738170347,0.6091449741639855,0.6258096661684105,0.6189705593495896,0.009742183248071525
3.231129693984985,0.747684789778669,0.004704999923706055,0.0005250853492217815,1.501,balanced,109,0.09000000999999999,"{'SVM__C': 1.501, 'SVM__class_weight': 'balanced', 'SVM__max_iter': 109, 'SVM__tol': 0.09000000999999999}",0.4991273996509599,0.5016611295681063,0.5547445255474452,0.5404101326899878,0.49890972525076316,0.5189705825414525,0.023812754454144963,48,0.6347436535589845,0.613167121153097,0.61198738170347,0.6091449741639855,0.6258096661684105,0.6189705593495896,0.009742183248071525
0.07763614654541015,0.0037572416864938988,0.006291866302490234,0.000269426328616024,1.751,balanced,-1,1e-08,"{'SVM__C': 1.751, 'SVM__class_weight': 'balanced', 'SVM__max_iter': -1, 'SVM__tol': 1e-08}",0.0,0.0,0.0,0.0,0.0,0.0,0.0,101,0.0,0.0,0.0,0.0,0.0,0.0,0.0
0.08233909606933594,0.0037331870737291077,0.006715631484985352,0.0007357249774003798,1.751,balanced,-1,0.01000001,"{'SVM__C': 1.751, 'SVM__class_weight': 'balanced', 'SVM__max_iter': -1, 'SVM__tol': 0.01000001}",0.0,0.0,0.0,0.0,0.0,0.0,0.0,101,0.0,0.0,0.0,0.0,0.0,0.0,0.0
0.09137845039367676,0.009085103023999216,0.006947898864746093,0.0011083882513279286,1.751,balanced,-1,0.020000010000000002,"{'SVM__C': 1.751, 'SVM__class_weight': 'balanced', 'SVM__max_iter': -1, 'SVM__tol': 0.020000010000000002}",0.0,0.0,0.0,0.0,0.0,0.0,0.0,101,0.0,0.0,0.0,0.0,0.0,0.0,0.0
0.09256520271301269,0.0047051368062272165,0.006911039352416992,0.000783495254104127,1.751,balanced,-1,0.03000001,"{'SVM__C': 1.751, 'SVM__class_weight': 'balanced', 'SVM__max_iter': -1, 'SVM__tol': 0.03000001}",0.0,0.0,0.0,0.0,0.0,0.0,0.0,101,0.0,0.0,0.0,0.0,0.0,0.0,0.0
0.09300379753112793,0.003597734245896272,0.006612157821655274,0.001089415785147263,1.751,balanced,-1,0.04000001,"{'SVM__C': 1.751, 'SVM__class_weight': 'balanced', 'SVM__max_iter': -1, 'SVM__tol': 0.04000001}",0.0,0.0,0.0,0.0,0.0,0.0,0.0,101,0.0,0.0,0.0,0.0,0.0,0.0,0.0
0.09558839797973633,0.005324983209304569,0.006507301330566406,0.0004566866552882329,1.751,balanced,-1,0.050000010000000004,"{'SVM__C': 1.751, 'SVM__class_weight': 'balanced', 'SVM__max_iter': -1, 'SVM__tol': 0.050000010000000004}",0.0,0.0,0.0,0.0,0.0,0.0,0.0,101,0.0,0.0,0.0,0.0,0.0,0.0,0.0
0.09651036262512207,0.00331988645079531,0.006623125076293946,0.0010831349026700597,1.751,balanced,-1,0.06000001,"{'SVM__C': 1.751, 'SVM__class_weight': 'balanced', 'SVM__max_iter': -1, 'SVM__tol': 0.06000001}",0.0,0.0,0.0,0.0,0.0,0.0,0.0,101,0.0,0.0,0.0,0.0,0.0,0.0,0.0
0.09535512924194336,0.006082045013402006,0.0066967964172363285,0.0008736527677497583,1.751,balanced,-1,0.07000001,"{'SVM__C': 1.751, 'SVM__class_weight': 'balanced', 'SVM__max_iter': -1, 'SVM__tol': 0.07000001}",0.0,0.0,0.0,0.0,0.0,0.0,0.0,101,0.0,0.0,0.0,0.0,0.0,0.0,0.0
0.09104499816894532,0.0038748659210482723,0.006896257400512695,0.0010390823274863755,1.751,balanced,-1,0.08000001,"{'SVM__C': 1.751, 'SVM__class_weight': 'balanced', 'SVM__max_iter': -1, 'SVM__tol': 0.08000001}",0.0,0.0,0.0,0.0,0.0,0.0,0.0,101,0.0,0.0,0.0,0.0,0.0,0.0,0.0
0.09300951957702637,0.0054978558654118345,0.006312036514282226,0.0009013184818961348,1.751,balanced,-1,0.09000000999999999,"{'SVM__C': 1.751, 'SVM__class_weight': 'balanced', 'SVM__max_iter': -1, 'SVM__tol': 0.09000000999999999}",0.0,0.0,0.0,0.0,0.0,0.0,0.0,101,0.0,0.0,0.0,0.0,0.0,0.0,0.0
9.976651477813721,0.6782658180082543,0.0048235893249511715,0.00040053897242345023,1.751,balanced,109,1e-08,"{'SVM__C': 1.751, 'SVM__class_weight': 'balanced', 'SVM__max_iter': 109, 'SVM__tol': 1e-08}",0.4941278816876903,0.5059942124844977,0.5533980582524273,0.5329052969502408,0.4831509846827133,0.5139152868115139,0.025769116520458817,94,0.6327459908928924,0.6119621426480633,0.606706114398422,0.6028940468097505,0.6294978252273626,0.6167612239952982,0.01211749807173902
4.690766859054565,0.7001040871143206,0.004483413696289062,0.00011196958927574457,1.751,balanced,109,0.01000001,"{'SVM__C': 1.751, 'SVM__class_weight': 'balanced', 'SVM__max_iter': 109, 'SVM__tol': 0.01000001}",0.4967433782023448,0.5062034739454094,0.5538461538461539,0.5333333333333333,0.48558951965065505,0.5151431717955793,0.024982761070009192,86,0.6329739887251508,0.6119621426480633,0.606706114398422,0.6028940468097505,0.6293733939513738,0.6167819373065522,0.012151982882296351
4.223051309585571,0.687572580828798,0.005183744430541992,0.0013136173565939202,1.751,balanced,109,0.020000010000000002,"{'SVM__C': 1.751, 'SVM__class_weight': 'balanced', 'SVM__max_iter': 109, 'SVM__tol': 0.020000010000000002}",0.4967433782023448,0.503728251864126,0.5538461538461539,0.536115569823435,0.48865619546247824,0.5158179098397075,0.02492347751855793,80,0.6329739887251508,0.6116040955631399,0.606706114398422,0.6038469011074412,0.6296223057148507,0.616950681101801,0.01202133629451676
4.015064811706543,0.6913071753216878,0.004349374771118164,0.00025440630299508653,1.751,balanced,109,0.03000001,"{'SVM__C': 1.751, 'SVM__class_weight': 'balanced', 'SVM__max_iter': 109, 'SVM__tol': 0.03000001}",0.4967433782023448,0.503728251864126,0.5536220153783894,0.536115569823435,0.48865619546247824,0.5157730821461547,0.024855147007594787,81,0.6329739887251508,0.6116040955631399,0.6071252343827099,0.6038469011074412,0.6296223057148507,0.6170345050986585,0.011950864031581987
3.8690489768981933,0.4522315099894915,0.0048138141632080075,0.000676487745336656,1.751,balanced,109,0.04000001,"{'SVM__C': 1.751, 'SVM__class_weight': 'balanced', 'SVM__max_iter': 109, 'SVM__tol': 0.04000001}",0.4967433782023448,0.503728251864126,0.5536220153783894,0.536115569823435,0.492361414229594,0.5165141258995778,0.024078731635380095,67,0.6329739887251508,0.6116040955631399,0.6071252343827099,0.6038469011074412,0.632888888888889,0.6176878217334663,0.012687713768801156
3.8868102550506594,0.48591637574691704,0.004549217224121094,0.00028068392229053924,1.751,balanced,109,0.050000010000000004,"{'SVM__C': 1.751, 'SVM__class_weight': 'balanced', 'SVM__max_iter': 109, 'SVM__tol': 0.050000010000000004}",0.4967433782023448,0.503728251864126,0.5536220153783894,0.536115569823435,0.492361414229594,0.5165141258995778,0.024078731635380095,67,0.6329739887251508,0.6116040955631399,0.6071252343827099,0.6038469011074412,0.632888888888889,0.6176878217334663,0.012687713768801156
3.8596538066864015,0.48005181577044703,0.004901456832885742,0.0007525375897910412,1.751,balanced,109,0.06000001,"{'SVM__C': 1.751, 'SVM__class_weight': 'balanced', 'SVM__max_iter': 109, 'SVM__tol': 0.06000001}",0.4967433782023448,0.503728251864126,0.5536220153783894,0.536115569823435,0.492361414229594,0.5165141258995778,0.024078731635380095,67,0.6329739887251508,0.6116040955631399,0.6071252343827099,0.6038469011074412,0.632888888888889,0.6176878217334663,0.012687713768801156
3.7543155193328857,0.5804775928466634,0.004623603820800781,0.00045759027395761236,1.751,balanced,109,0.07000001,"{'SVM__C': 1.751, 'SVM__class_weight': 'balanced', 'SVM__max_iter': 109, 'SVM__tol': 0.07000001}",0.4967433782023448,0.5016611295681063,0.5536220153783894,0.536115569823435,0.492361414229594,0.5161007014403739,0.02431133444341629,74,0.6329739887251508,0.6126897625535228,0.6071252343827099,0.6038469011074412,0.632888888888889,0.6179049551315428,0.012590659556060074
3.5599924087524415,0.6888106901393511,0.004837846755981446,0.0009256764798584779,1.751,balanced,109,0.08000001,"{'SVM__C': 1.751, 'SVM__class_weight': 'balanced', 'SVM__max_iter': 109, 'SVM__tol': 0.08000001}",0.5004374453193351,0.5016611295681063,0.5536220153783894,0.536115569823435,0.492361414229594,0.5168395148637719,0.023761764728643154,63,0.6338688753617404,0.6126897625535228,0.6071252343827099,0.6038469011074412,0.632888888888889,0.6180839324588607,0.012808078322179266
3.3747777938842773,1.0180090299805,0.005301952362060547,0.0008114082377572097,1.751,balanced,109,0.09000000999999999,"{'SVM__C': 1.751, 'SVM__class_weight': 'balanced', 'SVM__max_iter': 109, 'SVM__tol': 0.09000000999999999}",0.5004374453193351,0.5016611295681063,0.5624242424242425,0.5388933440256616,0.492361414229594,0.5191555151133879,0.026967047142259372,47,0.6338688753617404,0.6126897625535228,0.61217254284026,0.6072607260726073,0.632888888888889,0.6197761591434039,0.01127134769451104
0.07423205375671386,0.006673530259258146,0.0046045780181884766,0.00031759950027726407,2.001,balanced,-1,1e-08,"{'SVM__C': 2.001, 'SVM__class_weight': 'balanced', 'SVM__max_iter': -1, 'SVM__tol': 1e-08}",0.0,0.0,0.0,0.0,0.0,0.0,0.0,101,0.0,0.0,0.0,0.0,0.0,0.0,0.0
0.08368229866027832,0.00259525870430952,0.005909872055053711,0.0009162583686033462,2.001,balanced,-1,0.01000001,"{'SVM__C': 2.001, 'SVM__class_weight': 'balanced', 'SVM__max_iter': -1, 'SVM__tol': 0.01000001}",0.0,0.0,0.0,0.0,0.0,0.0,0.0,101,0.0,0.0,0.0,0.0,0.0,0.0,0.0
0.08852272033691407,0.006732560208825938,0.006993293762207031,0.0009812710565849365,2.001,balanced,-1,0.020000010000000002,"{'SVM__C': 2.001, 'SVM__class_weight': 'balanced', 'SVM__max_iter': -1, 'SVM__tol': 0.020000010000000002}",0.0,0.0,0.0,0.0,0.0,0.0,0.0,101,0.0,0.0,0.0,0.0,0.0,0.0,0.0
0.09575858116149902,0.0049144339117483254,0.006550645828247071,0.000721091221786139,2.001,balanced,-1,0.03000001,"{'SVM__C': 2.001, 'SVM__class_weight': 'balanced', 'SVM__max_iter': -1, 'SVM__tol': 0.03000001}",0.0,0.0,0.0,0.0,0.0,0.0,0.0,101,0.0,0.0,0.0,0.0,0.0,0.0,0.0
0.09684362411499023,0.005146646289120868,0.006624364852905273,0.0003876364261739272,2.001,balanced,-1,0.04000001,"{'SVM__C': 2.001, 'SVM__class_weight': 'balanced', 'SVM__max_iter': -1, 'SVM__tol': 0.04000001}",0.0,0.0,0.0,0.0,0.0,0.0,0.0,101,0.0,0.0,0.0,0.0,0.0,0.0,0.0
0.09596834182739258,0.00430598546675388,0.0065326690673828125,0.0009735486179602693,2.001,balanced,-1,0.050000010000000004,"{'SVM__C': 2.001, 'SVM__class_weight': 'balanced', 'SVM__max_iter': -1, 'SVM__tol': 0.050000010000000004}",0.0,0.0,0.0,0.0,0.0,0.0,0.0,101,0.0,0.0,0.0,0.0,0.0,0.0,0.0
0.09497284889221191,0.005746759247674908,0.007225608825683594,0.001581581013804665,2.001,balanced,-1,0.06000001,"{'SVM__C': 2.001, 'SVM__class_weight': 'balanced', 'SVM__max_iter': -1, 'SVM__tol': 0.06000001}",0.0,0.0,0.0,0.0,0.0,0.0,0.0,101,0.0,0.0,0.0,0.0,0.0,0.0,0.0
0.09455370903015137,0.004774964181196754,0.0062195777893066405,0.0007273986415073532,2.001,balanced,-1,0.07000001,"{'SVM__C': 2.001, 'SVM__class_weight': 'balanced', 'SVM__max_iter': -1, 'SVM__tol': 0.07000001}",0.0,0.0,0.0,0.0,0.0,0.0,0.0,101,0.0,0.0,0.0,0.0,0.0,0.0,0.0
0.09457011222839355,0.006600339920339839,0.006482124328613281,0.0003884095797564745,2.001,balanced,-1,0.08000001,"{'SVM__C': 2.001, 'SVM__class_weight': 'balanced', 'SVM__max_iter': -1, 'SVM__tol': 0.08000001}",0.0,0.0,0.0,0.0,0.0,0.0,0.0,101,0.0,0.0,0.0,0.0,0.0,0.0,0.0
0.09600372314453125,0.00391926817219678,0.007402372360229492,0.0008780236632900475,2.001,balanced,-1,0.09000000999999999,"{'SVM__C': 2.001, 'SVM__class_weight': 'balanced', 'SVM__max_iter': -1, 'SVM__tol': 0.09000000999999999}",0.0,0.0,0.0,0.0,0.0,0.0,0.0,101,0.0,0.0,0.0,0.0,0.0,0.0,0.0
10.182940340042114,0.537937230310624,0.004609489440917968,0.0005444986493018674,2.001,balanced,109,1e-08,"{'SVM__C': 2.001, 'SVM__class_weight': 'balanced', 'SVM__max_iter': 109, 'SVM__tol': 1e-08}",0.4941278816876903,0.5059942124844977,0.5533980582524273,0.5329052969502408,0.4831509846827133,0.5139152868115139,0.025769116520458817,94,0.6325581395348837,0.6119621426480633,0.6071956628881223,0.6033194215277103,0.6294356034397549,0.6168941940077068,0.011876929101379786
4.790351009368896,0.6529311451576743,0.004353475570678711,0.00014983581721796037,2.001,balanced,109,0.01000001,"{'SVM__C': 2.001, 'SVM__class_weight': 'balanced', 'SVM__max_iter': 109, 'SVM__tol': 0.01000001}",0.4941278816876903,0.5062034739454094,0.5538461538461539,0.5354709418837675,0.48558951965065505,0.5150475942027352,0.0257140908921872,88,0.6326207442596992,0.6114202049780381,0.6060964782480024,0.6028940468097505,0.6282888229475766,0.6162640594486134,0.011981118034488163
4.31772084236145,0.6729380992258281,0.004237127304077148,0.00017841787344860717,2.001,balanced,109,0.020000010000000002,"{'SVM__C': 2.001, 'SVM__class_weight': 'balanced', 'SVM__max_iter': 109, 'SVM__tol': 0.020000010000000002}",0.4967433782023448,0.5062034739454094,0.5538461538461539,0.536115569823435,0.48558951965065505,0.5156996190935997,0.025409065656563142,84,0.6317664522513609,0.6114202049780381,0.6060964782480024,0.6041545331003688,0.6299150365540408,0.6166705410263622,0.011826499770940632
4.066177415847778,0.7237646349513596,0.004581642150878906,0.0005534837560493744,2.001,balanced,109,0.03000001,"{'SVM__C': 2.001, 'SVM__class_weight': 'balanced', 'SVM__max_iter': 109, 'SVM__tol': 0.03000001}",0.4967433782023448,0.508670520231214,0.5529506871463218,0.536115569823435,0.48558951965065505,0.5160139350107942,0.024977287806329483,75,0.6317664522513609,0.6122647947743005,0.6039672357643343,0.6041545331003688,0.6299150365540408,0.6164136104888811,0.012168879570540891
3.9095852375030518,0.7559312834905483,0.004469108581542969,0.00032888957309308326,2.001,balanced,109,0.04000001,"{'SVM__C': 2.001, 'SVM__class_weight': 'balanced', 'SVM__max_iter': 109, 'SVM__tol': 0.04000001}",0.5047536732929991,0.508670520231214,0.5529506871463218,0.536115569823435,0.48558951965065505,0.517615994028925,0.023924592784658937,57,0.6345811051693405,0.6122647947743005,0.6039672357643343,0.6041545331003688,0.6299150365540408,0.6169765410724769,0.012908693261385353
3.5629884243011474,0.40069165392110767,0.004647684097290039,0.00041906459748843706,2.001,balanced,109,0.050000010000000004,"{'SVM__C': 2.001, 'SVM__class_weight': 'balanced', 'SVM__max_iter': 109, 'SVM__tol': 0.050000010000000004}",0.5047536732929991,0.5014528850145289,0.5529506871463218,0.536115569823435,0.49585333915320823,0.5182252308860986,0.022312406994770308,50,0.6345811051693405,0.6106453499707546,0.6039672357643343,0.6041545331003688,0.6289458010720667,0.616458805015373,0.012849696515155752
3.5542563915252687,0.446459493921479,0.004192829132080078,0.00016556957583579697,2.001,balanced,109,0.06000001,"{'SVM__C': 2.001, 'SVM__class_weight': 'balanced', 'SVM__max_iter': 109, 'SVM__tol': 0.06000001}",0.5047536732929991,0.5014528850145289,0.5529506871463218,0.536115569823435,0.49585333915320823,0.5182252308860986,0.022312406994770308,50,0.6345811051693405,0.6106453499707546,0.6039672357643343,0.6041545331003688,0.6289458010720667,0.616458805015373,0.012849696515155752
3.3105330944061278,0.5081641687942163,0.004344320297241211,7.372735187434954e-05,2.001,balanced,109,0.07000001,"{'SVM__C': 2.001, 'SVM__class_weight': 'balanced', 'SVM__max_iter': 109, 'SVM__tol': 0.07000001}",0.4943032427695005,0.5014528850145289,0.5608380338436745,0.536115569823435,0.49585333915320823,0.5177126141208693,0.026414677604121476,54,0.6362731435397174,0.6106453499707546,0.6109578242018133,0.6041545331003688,0.6289458010720667,0.6181953303769443,0.012238526356106888
3.35157995223999,0.5449269710131432,0.00501718521118164,0.0008235128282055303,2.001,balanced,109,0.08000001,"{'SVM__C': 2.001, 'SVM__class_weight': 'balanced', 'SVM__max_iter': 109, 'SVM__tol': 0.08000001}",0.4943032427695005,0.5014528850145289,0.5608380338436745,0.536115569823435,0.49585333915320823,0.5177126141208693,0.026414677604121476,54,0.6362731435397174,0.6106453499707546,0.6109578242018133,0.6041545331003688,0.6289458010720667,0.6181953303769443,0.012238526356106888
3.320930337905884,0.681034856782959,0.005307626724243164,0.0012070858487205083,2.001,balanced,109,0.09000000999999999,"{'SVM__C': 2.001, 'SVM__class_weight': 'balanced', 'SVM__max_iter': 109, 'SVM__tol': 0.09000000999999999}",0.4943032427695005,0.5101449275362319,0.5608380338436745,0.536115569823435,0.49650349650349646,0.5195810540952677,0.02544056006689398,46,0.6362731435397174,0.6088495575221239,0.6109578242018133,0.6041545331003688,0.6329565734681738,0.6186383263664396,0.013270940834498559
0.0739720344543457,0.0031491898801236985,0.0049689292907714845,0.0004696278465178203,2.251,balanced,-1,1e-08,"{'SVM__C': 2.251, 'SVM__class_weight': 'balanced', 'SVM__max_iter': -1, 'SVM__tol': 1e-08}",0.0,0.0,0.0,0.0,0.0,0.0,0.0,101,0.0,0.0,0.0,0.0,0.0,0.0,0.0
0.07979335784912109,0.0038445643459455027,0.006170082092285156,0.0007772606338993593,2.251,balanced,-1,0.01000001,"{'SVM__C': 2.251, 'SVM__class_weight': 'balanced', 'SVM__max_iter': -1, 'SVM__tol': 0.01000001}",0.0,0.0,0.0,0.0,0.0,0.0,0.0,101,0.0,0.0,0.0,0.0,0.0,0.0,0.0
0.08979630470275879,0.0035649519683400733,0.0057808876037597655,0.000756816214234287,2.251,balanced,-1,0.020000010000000002,"{'SVM__C': 2.251, 'SVM__class_weight': 'balanced', 'SVM__max_iter': -1, 'SVM__tol': 0.020000010000000002}",0.0,0.0,0.0,0.0,0.0,0.0,0.0,101,0.0,0.0,0.0,0.0,0.0,0.0,0.0
0.09023208618164062,0.0032934731310647705,0.005692148208618164,0.0008962700482896658,2.251,balanced,-1,0.03000001,"{'SVM__C': 2.251, 'SVM__class_weight': 'balanced', 'SVM__max_iter': -1, 'SVM__tol': 0.03000001}",0.0,0.0,0.0,0.0,0.0,0.0,0.0,101,0.0,0.0,0.0,0.0,0.0,0.0,0.0
0.08890061378479004,0.003563881186453891,0.006151676177978516,0.0006824872148728705,2.251,balanced,-1,0.04000001,"{'SVM__C': 2.251, 'SVM__class_weight': 'balanced', 'SVM__max_iter': -1, 'SVM__tol': 0.04000001}",0.0,0.0,0.0,0.0,0.0,0.0,0.0,101,0.0,0.0,0.0,0.0,0.0,0.0,0.0
0.09233245849609376,0.00396527030162852,0.006502580642700195,0.0011442074737016497,2.251,balanced,-1,0.050000010000000004,"{'SVM__C': 2.251, 'SVM__class_weight': 'balanced', 'SVM__max_iter': -1, 'SVM__tol': 0.050000010000000004}",0.0,0.0,0.0,0.0,0.0,0.0,0.0,101,0.0,0.0,0.0,0.0,0.0,0.0,0.0
0.08966193199157715,0.0031862192816096294,0.006346416473388672,0.0007878203236119662,2.251,balanced,-1,0.06000001,"{'SVM__C': 2.251, 'SVM__class_weight': 'balanced', 'SVM__max_iter': -1, 'SVM__tol': 0.06000001}",0.0,0.0,0.0,0.0,0.0,0.0,0.0,101,0.0,0.0,0.0,0.0,0.0,0.0,0.0
0.09615879058837891,0.004548007414090215,0.006440305709838867,0.0008027770532610716,2.251,balanced,-1,0.07000001,"{'SVM__C': 2.251, 'SVM__class_weight': 'balanced', 'SVM__max_iter': -1, 'SVM__tol': 0.07000001}",0.0,0.0,0.0,0.0,0.0,0.0,0.0,101,0.0,0.0,0.0,0.0,0.0,0.0,0.0
0.09579887390136718,0.004791971633750887,0.007025289535522461,0.0009988414999938706,2.251,balanced,-1,0.08000001,"{'SVM__C': 2.251, 'SVM__class_weight': 'balanced', 'SVM__max_iter': -1, 'SVM__tol': 0.08000001}",0.0,0.0,0.0,0.0,0.0,0.0,0.0,101,0.0,0.0,0.0,0.0,0.0,0.0,0.0
0.09324831962585449,0.005522895160210026,0.007401227951049805,0.0008459757630244718,2.251,balanced,-1,0.09000000999999999,"{'SVM__C': 2.251, 'SVM__class_weight': 'balanced', 'SVM__max_iter': -1, 'SVM__tol': 0.09000000999999999}",0.0,0.0,0.0,0.0,0.0,0.0,0.0,101,0.0,0.0,0.0,0.0,0.0,0.0,0.0
10.014305067062377,0.7732459704819034,0.004626798629760742,0.00048778698909662815,2.251,balanced,109,1e-08,"{'SVM__C': 2.251, 'SVM__class_weight': 'balanced', 'SVM__max_iter': 109, 'SVM__tol': 1e-08}",0.4945581192860252,0.5059942124844977,0.5533980582524273,0.5303334672559261,0.48293963254593164,0.5134446979649615,0.025393987992172556,96,0.632016632016632,0.6115444617784712,0.6076248645453649,0.6027184466019417,0.6287691547207119,0.6165347119326243,0.011700842743800045
4.862592458724976,0.8642227665511519,0.004690122604370117,0.00019775210200549266,2.251,balanced,109,0.01000001,"{'SVM__C': 2.251, 'SVM__class_weight': 'balanced', 'SVM__max_iter': 109, 'SVM__tol': 0.01000001}",0.49434290687554394,0.5057851239669421,0.5533980582524273,0.5331192292252108,0.4802804557405784,0.5133851548121405,0.026483031966177045,97,0.6325581395348837,0.6117830667186891,0.6071358170707668,0.602835502039231,0.6288313229187266,0.6166287696564595,0.01188695375744286
4.312926292419434,1.1448921809189911,0.004245471954345703,0.00013288968251625846,2.251,balanced,109,0.020000010000000002,"{'SVM__C': 2.251, 'SVM__class_weight': 'balanced', 'SVM__max_iter': 109, 'SVM__tol': 0.020000010000000002}",0.4967433782023448,0.5062034739454094,0.5533980582524273,0.5281803542673108,0.4802804557405784,0.5129611440816141,0.025469502596488114,100,0.6323703996834191,0.6123244929797191,0.6071358170707668,0.6042718446601941,0.6288313229187266,0.6169867754625651,0.011466446032712869
3.9948668003082277,0.8927175857972893,0.0044937610626220705,0.00014064517094858721,2.251,balanced,109,0.03000001,"{'SVM__C': 2.251, 'SVM__class_weight': 'balanced', 'SVM__max_iter': 109, 'SVM__tol': 0.03000001}",0.4967433782023448,0.5062034739454094,0.5529506871463218,0.5281803542673108,0.486013986013986,0.5140183759150745,0.0239166493521078,92,0.6323703996834191,0.6123244929797191,0.6041316595828803,0.6042718446601941,0.6288140614199664,0.6163824916652357,0.012028093284366187
3.8471258640289308,0.91224034060703,0.004435586929321289,0.00017981132815535086,2.251,balanced,109,0.04000001,"{'SVM__C': 2.251, 'SVM__class_weight': 'balanced', 'SVM__max_iter': 109, 'SVM__tol': 0.04000001}",0.4967433782023448,0.502495840266223,0.5529506871463218,0.5281803542673108,0.486013986013986,0.5132768491792372,0.024203212210953173,98,0.6323703996834191,0.6122608356110895,0.6041316595828803,0.6042718446601941,0.6288140614199664,0.6163697601915098,0.012032414762897639
3.861312246322632,0.9431951821347387,0.00440826416015625,0.00018791840842780335,2.251,balanced,109,0.050000010000000004,"{'SVM__C': 2.251, 'SVM__class_weight': 'balanced', 'SVM__max_iter': 109, 'SVM__tol': 0.050000010000000004}",0.4967433782023448,0.502495840266223,0.5529506871463218,0.5281803542673108,0.486013986013986,0.5132768491792372,0.024203212210953173,98,0.6323703996834191,0.6122608356110895,0.6041316595828803,0.6042718446601941,0.6288140614199664,0.6163697601915098,0.012032414762897639
3.7057024002075196,0.9237436373599076,0.004664421081542969,0.000268208884923694,2.251,balanced,109,0.06000001,"{'SVM__C': 2.251, 'SVM__class_weight': 'balanced', 'SVM__max_iter': 109, 'SVM__tol': 0.06000001}",0.5002171081198438,0.502495840266223,0.5529506871463218,0.5281803542673108,0.486013986013986,0.513971595162737,0.02376453332480519,93,0.6322887742959142,0.6122608356110895,0.6041316595828803,0.6042718446601941,0.6288140614199664,0.616353435114009,0.012010730523139605
3.4472117900848387,0.8396997501020461,0.004485607147216797,0.0005415719247510377,2.251,balanced,109,0.07000001,"{'SVM__C': 2.251, 'SVM__class_weight': 'balanced', 'SVM__max_iter': 109, 'SVM__tol': 0.07000001}",0.5002171081198438,0.502495840266223,0.5529506871463218,0.5388933440256616,0.48622649759510284,0.5161566954306306,0.02532689939824149,73,0.6322887742959142,0.6122608356110895,0.6041316595828803,0.6059429015342785,0.6302454473475851,0.6169739236743496,0.011995819152620761
3.287466812133789,0.7882739333874701,0.004255771636962891,0.0005061202923220822,2.251,balanced,109,0.08000001,"{'SVM__C': 2.251, 'SVM__class_weight': 'balanced', 'SVM__max_iter': 109, 'SVM__tol': 0.08000001}",0.49869224062772455,0.502495840266223,0.5529506871463218,0.5388933440256616,0.48622649759510284,0.5158517219322067,0.025525402482210045,79,0.6365710884016272,0.6122608356110895,0.6041316595828803,0.6059429015342785,0.6302454473475851,0.6178303864954922,0.013155492835155469
2.5249570846557616,0.28571136205051945,0.003970432281494141,0.0005895666071612699,2.251,balanced,109,0.09000000999999999,"{'SVM__C': 2.251, 'SVM__class_weight': 'balanced', 'SVM__max_iter': 109, 'SVM__tol': 0.09000000999999999}",0.49869224062772455,0.5126085159156676,0.5612903225806452,0.5388933440256616,0.5030355594102341,0.5229039965119865,0.023732383359186714,26,0.6365710884016272,0.6073360212410267,0.6111384918679151,0.6059429015342785,0.6313076236740358,0.6184592253437767,0.012861555838385816
